F148W,F169M,F172M,N219M,N279N,u_prime,g_prime,r_prime,i_prime,z_prime,IRAC1,IRAC2,age,Z
7.62E-20,7.28E-20,6.89E-20,5.72E-20,4.48E-20,3.75441E-20,3.71779E-20,2.86175E-20,2.4163E-20,2.12157E-20,3.21888E-21,1.49217E-21,3.98E+06,0.00005
4.25E-20,4.01E-20,3.79E-20,3.03E-20,2.28E-20,1.75236E-20,1.36302E-20,8.88812E-21,6.49785E-21,5.02221E-21,4.69804E-22,2.12975E-22,6.31E+06,0.00005
2.49E-20,2.35E-20,2.21E-20,1.74E-20,1.32E-20,1.02985E-20,8.23216E-21,5.3761E-21,3.93888E-21,3.05794E-21,2.93985E-22,1.32903E-22,1.00E+07,0.00005
1.48E-20,1.41E-20,1.33E-20,1.07E-20,8.42E-21,6.87845E-21,6.05031E-21,4.11139E-21,3.12623E-21,2.50207E-21,3.09564E-22,1.40992E-22,1.59E+07,0.00005
8.61E-21,8.27E-21,7.92E-21,6.63E-21,5.52E-21,4.83501E-21,4.82135E-21,3.519E-21,2.81386E-21,2.37246E-21,3.8051E-22,1.75373E-22,2.51E+07,0.00005
5.27E-21,5.11E-21,4.92E-21,4.26E-21,3.68E-21,3.35099E-21,4.06417E-21,3.49815E-21,3.18223E-21,3.01997E-21,8.07458E-22,3.73501E-22,3.98E+07,0.00005
3.13E-21,3.08E-21,3.01E-21,2.72E-21,2.44E-21,2.34811E-21,3.02826E-21,2.29086E-21,1.87483E-21,1.60399E-21,2.47863E-22,1.14871E-22,6.31E+07,0.00005
1.85E-21,1.84E-21,1.82E-21,1.73E-21,1.62E-21,1.67494E-21,2.50965E-21,2.23704E-21,2.13683E-21,2.09673E-21,7.25809E-22,3.64564E-22,1.00E+08,0.00005
1.06E-21,1.07E-21,1.07E-21,1.07E-21,1.05E-21,1.18617E-21,1.96568E-21,1.76437E-21,1.66763E-21,1.6306E-21,7.33047E-22,4.0378E-22,1.59E+08,0.00005
5.89E-22,6.10E-22,6.19E-22,6.38E-22,6.74E-22,8.24225E-22,1.52553E-21,1.40503E-21,1.33607E-21,1.32097E-21,6.13155E-22,3.62909E-22,2.51E+08,0.00005
3.12E-22,3.29E-22,3.41E-22,3.77E-22,4.23E-22,5.78169E-22,1.17699E-21,1.15474E-21,1.12121E-21,1.11632E-21,4.09805E-22,2.12647E-22,3.98E+08,0.00005
1.54E-22,1.70E-22,1.82E-22,2.15E-22,2.61E-22,3.97401E-22,9.00969E-22,8.63653E-22,8.49812E-22,8.17204E-22,2.40037E-22,1.1681E-22,6.31E+08,0.00005
7.20E-23,8.48E-23,9.56E-23,1.26E-22,1.66E-22,2.81882E-22,7.01164E-22,6.91807E-22,6.69344E-22,6.51145E-22,1.86969E-22,9.30987E-23,1.00E+09,0.00005
2.60E-23,3.17E-23,3.99E-23,6.24E-23,9.61E-23,1.91126E-22,5.00251E-22,5.7847E-22,6.0569E-22,6.22364E-22,1.75328E-22,8.09608E-23,1.59E+09,0.00005
8.48E-24,1.17E-23,1.71E-23,3.28E-23,5.86E-23,1.31881E-22,3.50823E-22,4.49262E-22,4.97862E-22,5.20597E-22,1.52362E-22,7.08189E-23,2.51E+09,0.00005
1.62E-24,2.57E-24,6.12E-24,1.71E-23,3.54E-23,8.57227E-23,2.24811E-22,3.0785E-22,3.47743E-22,3.69296E-22,1.1089E-22,5.16823E-23,3.98E+09,0.00005
2.90E-25,4.70E-25,1.71E-24,8.91E-24,2.18E-23,5.79563E-23,1.49835E-22,2.20448E-22,2.55915E-22,2.74914E-22,8.69789E-23,4.05864E-23,6.31E+09,0.00005
1.38E-25,2.19E-25,7.72E-25,4.94E-24,1.36E-23,3.84969E-23,1.02319E-22,1.56265E-22,1.85005E-22,2.01711E-22,6.54682E-23,3.06112E-23,1.00E+10,0.00005
1.12E-24,1.31E-24,1.55E-24,3.80E-24,9.37E-24,2.73484E-23,7.36941E-23,1.15789E-22,1.39809E-22,1.54045E-22,5.23237E-23,2.44668E-23,1.59E+10,0.00005
7.65E-20,7.30E-20,6.93E-20,5.76E-20,4.52E-20,3.8036E-20,3.75043E-20,2.89728E-20,2.4285E-20,2.12805E-20,3.22119E-21,1.49329E-21,3.98E+06,0.00009
4.28E-20,4.04E-20,3.81E-20,3.06E-20,2.30E-20,1.76713E-20,1.37404E-20,8.95592E-21,6.56218E-21,5.0584E-21,4.73501E-22,2.14088E-22,6.31E+06,0.00009
2.50E-20,2.35E-20,2.22E-20,1.76E-20,1.33E-20,1.03676E-20,8.27092E-21,5.40494E-21,3.95237E-21,3.06563E-21,2.94035E-22,1.33119E-22,1.00E+07,0.00009
1.49E-20,1.41E-20,1.33E-20,1.08E-20,8.45E-21,6.8976E-21,6.06062E-21,4.1179E-21,3.13265E-21,2.50074E-21,3.10395E-22,1.41351E-22,1.59E+07,0.00009
8.68E-21,8.30E-21,7.97E-21,6.66E-21,5.55E-21,4.85973E-21,4.84491E-21,3.54021E-21,2.81888E-21,2.37222E-21,3.80977E-22,1.7466E-22,2.51E+07,0.00009
5.36E-21,5.19E-21,4.99E-21,4.32E-21,3.71E-21,3.4146E-21,4.09238E-21,3.52253E-21,3.18928E-21,3.02456E-21,8.08044E-22,3.67826E-22,3.98E+07,0.00009
3.20E-21,3.14E-21,3.06E-21,2.75E-21,2.46E-21,2.35715E-21,3.04048E-21,2.29812E-21,1.88029E-21,1.60795E-21,2.48221E-22,1.14405E-22,6.31E+07,0.00009
1.88E-21,1.88E-21,1.85E-21,1.74E-21,1.63E-21,1.68522E-21,2.52123E-21,2.24752E-21,2.14019E-21,2.09599E-21,7.26223E-22,3.64188E-22,1.00E+08,0.00009
1.08E-21,1.09E-21,1.08E-21,1.07E-21,1.06E-21,1.18963E-21,1.97212E-21,1.77218E-21,1.67115E-21,1.63073E-21,7.33425E-22,4.03673E-22,1.59E+08,0.00009
5.97E-22,6.15E-22,6.22E-22,6.44E-22,6.76E-22,8.28667E-22,1.53116E-21,1.41117E-21,1.33957E-21,1.32114E-21,6.13278E-22,3.62662E-22,2.51E+08,0.00009
3.14E-22,3.31E-22,3.42E-22,3.77E-22,4.23E-22,5.80508E-22,1.17986E-21,1.15943E-21,1.12327E-21,1.11637E-21,4.10041E-22,2.12411E-22,3.98E+08,0.00009
1.55E-22,1.71E-22,1.82E-22,2.15E-22,2.60E-22,3.98332E-22,9.03325E-22,8.66383E-22,8.5243E-22,8.1807E-22,2.40145E-22,1.16448E-22,6.31E+08,0.00009
7.21E-23,8.49E-23,9.53E-23,1.25E-22,1.65E-22,2.81906E-22,7.02617E-22,6.94409E-22,6.70861E-22,6.51929E-22,1.87164E-22,9.29655E-23,1.00E+09,0.00009
2.59E-23,3.17E-23,3.97E-23,6.18E-23,9.45E-23,1.90594E-22,5.02199E-22,5.80582E-22,6.07201E-22,6.23466E-22,1.75381E-22,8.08527E-23,1.59E+09,0.00009
8.41E-24,1.16E-23,1.67E-23,3.24E-23,5.73E-23,1.31134E-22,3.52018E-22,4.51168E-22,4.98983E-22,5.21559E-22,1.52429E-22,7.07179E-23,2.51E+09,0.00009
1.60E-24,2.53E-24,6.01E-24,1.68E-23,3.42E-23,8.52317E-23,2.25652E-22,3.0941E-22,3.4899E-22,3.69851E-22,1.10976E-22,5.15682E-23,3.98E+09,0.00009
2.82E-25,4.58E-25,1.65E-24,8.65E-24,2.09E-23,5.75698E-23,1.5031E-22,2.21509E-22,2.56529E-22,2.7522E-22,8.70992E-23,4.05149E-23,6.31E+09,0.00009
1.33E-25,2.14E-25,7.45E-25,4.74E-24,1.30E-23,3.81273E-23,1.02694E-22,1.57167E-22,1.85644E-22,2.0181E-22,6.55868E-23,3.05088E-23,1.00E+10,0.00009
1.12E-24,1.31E-24,1.54E-24,3.72E-24,8.92E-24,2.70282E-23,7.40587E-23,1.16388E-22,1.40087E-22,1.54201E-22,5.2377E-23,2.43592E-23,1.59E+10,0.00009
7.82E-20,7.47E-20,7.06E-20,5.90E-20,4.64E-20,3.99839E-20,4.30169E-20,3.46304E-20,3.02278E-20,2.7159E-20,4.45398E-21,2.06955E-21,3.98E+06,0.00016
4.38E-20,4.15E-20,3.95E-20,3.21E-20,2.44E-20,1.89289E-20,1.47309E-20,9.73353E-21,7.15669E-21,5.56741E-21,5.31593E-22,2.43695E-22,6.31E+06,0.00016
2.56E-20,2.40E-20,2.27E-20,1.83E-20,1.39E-20,1.09332E-20,8.75806E-21,5.77168E-21,4.26207E-21,3.30045E-21,3.25324E-22,1.48245E-22,1.00E+07,0.00016
1.50E-20,1.41E-20,1.35E-20,1.12E-20,8.83E-21,7.28745E-21,6.50964E-21,4.49857E-21,3.43422E-21,2.77502E-21,3.52663E-22,1.61509E-22,1.59E+07,0.00016
8.64E-21,8.28E-21,7.99E-21,6.88E-21,5.63E-21,5.14563E-21,5.30957E-21,3.85846E-21,3.11683E-21,2.64136E-21,4.25329E-22,1.9416E-22,2.51E+07,0.00016
5.45E-21,5.27E-21,5.06E-21,4.41E-21,3.77E-21,3.48682E-21,4.38812E-21,3.86172E-21,3.54501E-21,3.37384E-21,9.28852E-22,4.26136E-22,3.98E+07,0.00016
3.17E-21,3.11E-21,3.03E-21,2.74E-21,2.46E-21,2.40588E-21,3.20397E-21,2.52989E-21,2.11277E-21,1.8404E-21,3.14079E-22,1.44763E-22,6.31E+07,0.00016
1.86E-21,1.85E-21,1.83E-21,1.73E-21,1.63E-21,1.72515E-21,2.56059E-21,2.17367E-21,1.93869E-21,1.76502E-21,3.85609E-22,1.77325E-22,1.00E+08,0.00016
1.06E-21,1.07E-21,1.07E-21,1.06E-21,1.05E-21,1.19884E-21,2.02602E-21,1.86551E-21,1.76981E-21,1.72418E-21,8.05963E-22,4.31682E-22,1.59E+08,0.00016
5.77E-22,5.98E-22,6.05E-22,6.28E-22,6.64E-22,8.42506E-22,1.56194E-21,1.48079E-21,1.41813E-21,1.38714E-21,6.71564E-22,3.94288E-22,2.51E+08,0.00016
3.00E-22,3.21E-22,3.30E-22,3.66E-22,4.13E-22,5.8039E-22,1.21337E-21,1.16983E-21,1.13752E-21,1.1303E-21,4.26258E-22,2.21618E-22,3.98E+08,0.00016
1.47E-22,1.63E-22,1.73E-22,2.07E-22,2.54E-22,3.9724E-22,9.24232E-22,9.14989E-22,8.78211E-22,8.54033E-22,2.68245E-22,1.32668E-22,6.31E+08,0.00016
6.37E-23,7.42E-23,8.67E-23,1.17E-22,1.59E-22,2.79419E-22,7.08566E-22,7.17777E-22,7.04962E-22,6.86771E-22,2.15757E-22,1.07136E-22,1.00E+09,0.00016
2.35E-23,2.91E-23,3.56E-23,5.66E-23,8.79E-23,1.85582E-22,4.92991E-22,5.88106E-22,6.25903E-22,6.39532E-22,1.883E-22,8.6127E-23,1.59E+09,0.00016
6.83E-24,9.69E-24,1.50E-23,2.92E-23,5.27E-23,1.28312E-22,3.47087E-22,4.58055E-22,5.11392E-22,5.3713E-22,1.6338E-22,7.51682E-23,2.51E+09,0.00016
1.22E-24,1.97E-24,5.25E-24,1.53E-23,3.13E-23,8.19628E-23,2.19669E-22,3.08747E-22,3.50431E-22,3.71404E-22,1.15873E-22,5.36942E-23,3.98E+09,0.00016
2.34E-25,3.79E-25,1.41E-24,7.82E-24,1.90E-23,5.52861E-23,1.46276E-22,2.20252E-22,2.56603E-22,2.76373E-22,8.93598E-23,4.12663E-23,6.31E+09,0.00016
7.51E-26,1.19E-25,4.71E-25,4.21E-24,1.15E-23,3.6376E-23,9.87815E-23,1.56002E-22,1.86361E-22,2.02918E-22,6.75355E-23,3.11927E-23,1.00E+10,0.00016
1.01E-24,1.26E-24,1.55E-24,3.61E-24,8.36E-24,2.69043E-23,7.60136E-23,1.19433E-22,1.43465E-22,1.57865E-22,5.43861E-23,2.51176E-23,1.59E+10,0.00016
7.84E-20,7.49E-20,7.19E-20,5.98E-20,4.81E-20,4.34779E-20,4.95166E-20,4.18769E-20,3.84029E-20,3.50974E-20,6.43551E-21,2.98109E-21,3.98E+06,0.00028
4.59E-20,4.35E-20,4.14E-20,3.36E-20,2.58E-20,2.02697E-20,1.59995E-20,1.05752E-20,7.84726E-21,6.09903E-21,5.98773E-22,2.7346E-22,6.31E+06,0.00028
2.63E-20,2.45E-20,2.35E-20,1.91E-20,1.46E-20,1.15936E-20,9.4905E-21,6.30613E-21,4.71442E-21,3.69005E-21,3.79816E-22,1.72909E-22,1.00E+07,0.00028
1.50E-20,1.41E-20,1.36E-20,1.14E-20,9.06E-21,7.64739E-21,7.10903E-21,4.94472E-21,3.84545E-21,3.12417E-21,4.16457E-22,1.90309E-22,1.59E+07,0.00028
8.48E-21,8.13E-21,7.88E-21,6.83E-21,5.90E-21,5.35879E-21,6.03029E-21,4.70526E-21,4.01069E-21,3.58949E-21,6.99769E-22,3.21319E-22,2.51E+07,0.00028
5.25E-21,5.11E-21,4.94E-21,4.39E-21,3.80E-21,3.67884E-21,4.69171E-21,4.25459E-21,4.01334E-21,3.84881E-21,1.1008E-21,5.01867E-22,3.98E+07,0.00028
3.02E-21,2.96E-21,2.91E-21,2.69E-21,2.45E-21,2.46365E-21,3.43745E-21,2.77776E-21,2.38671E-21,2.15833E-21,4.09902E-22,1.86151E-22,6.31E+07,0.00028
1.76E-21,1.76E-21,1.74E-21,1.68E-21,1.60E-21,1.72663E-21,2.73225E-21,2.38554E-21,2.18502E-21,2.09758E-21,6.3953E-22,3.41331E-22,1.00E+08,0.00028
9.86E-22,1.01E-21,1.01E-21,1.01E-21,1.02E-21,1.23304E-21,2.13614E-21,1.96083E-21,1.86362E-21,1.81411E-21,7.18256E-22,3.91568E-22,1.59E+08,0.00028
5.34E-22,5.59E-22,5.66E-22,6.01E-22,6.39E-22,8.42981E-22,1.63935E-21,1.55499E-21,1.50055E-21,1.47587E-21,6.01156E-22,3.30229E-22,2.51E+08,0.00028
2.77E-22,2.98E-22,3.08E-22,3.46E-22,3.95E-22,5.82771E-22,1.2459E-21,1.20771E-21,1.18926E-21,1.18047E-21,3.97211E-22,1.87784E-22,3.98E+08,0.00028
1.32E-22,1.47E-22,1.60E-22,1.95E-22,2.43E-22,3.94935E-22,9.48016E-22,9.4088E-22,9.04998E-22,9.02679E-22,2.86088E-22,1.36449E-22,6.31E+08,0.00028
5.56E-23,6.41E-23,7.40E-23,1.06E-22,1.48E-22,2.74855E-22,6.91032E-22,7.46248E-22,7.51362E-22,7.54861E-22,2.7349E-22,1.37195E-22,1.00E+09,0.00028
2.05E-23,2.59E-23,3.19E-23,5.07E-23,7.96E-23,1.77443E-22,4.70463E-22,5.89709E-22,6.3955E-22,6.67739E-22,2.06641E-22,9.50311E-23,1.59E+09,0.00028
4.77E-24,7.10E-24,1.25E-23,2.60E-23,4.68E-23,1.21089E-22,3.34648E-22,4.58272E-22,5.18216E-22,5.47289E-22,1.71892E-22,7.8302E-23,2.51E+09,0.00028
8.23E-25,1.35E-24,4.06E-24,1.36E-23,2.80E-23,7.71096E-23,2.10899E-22,3.0624E-22,3.51211E-22,3.75489E-22,1.23605E-22,5.6721E-23,3.98E+09,0.00028
1.73E-25,2.85E-25,1.09E-24,6.77E-24,1.65E-23,5.14568E-23,1.39561E-22,2.16559E-22,2.5498E-22,2.79379E-22,9.18526E-23,4.20922E-23,6.31E+09,0.00028
4.83E-26,7.60E-26,3.12E-25,3.50E-24,9.86E-24,3.41684E-23,9.46797E-23,1.53882E-22,1.85615E-22,2.04057E-22,7.01062E-23,3.22249E-23,1.00E+10,0.00028
6.50E-25,8.72E-25,1.23E-24,3.21E-24,7.48E-24,2.60349E-23,7.63982E-23,1.2125E-22,1.4626E-22,1.62276E-22,5.70708E-23,2.61425E-23,1.59E+10,0.00028
7.92E-20,7.59E-20,7.31E-20,6.20E-20,5.02E-20,4.73887E-20,5.79856E-20,5.00574E-20,4.64246E-20,4.29041E-20,7.88334E-21,3.67888E-21,3.98E+06,0.00049
4.70E-20,4.47E-20,4.31E-20,3.52E-20,2.71E-20,2.13933E-20,1.72754E-20,1.14831E-20,8.4961E-21,6.65163E-21,6.60698E-22,3.03124E-22,6.31E+06,0.00049
2.66E-20,2.48E-20,2.41E-20,1.96E-20,1.53E-20,1.22815E-20,1.03215E-20,6.96759E-21,5.24069E-21,4.15898E-21,4.96867E-22,2.26198E-22,1.00E+07,0.00049
1.47E-20,1.39E-20,1.35E-20,1.14E-20,9.25E-21,8.02888E-21,7.74735E-21,5.47331E-21,4.24294E-21,3.50931E-21,4.71432E-22,2.15915E-22,1.59E+07,0.00049
8.28E-21,7.98E-21,7.77E-21,6.78E-21,5.86E-21,5.49491E-21,6.39828E-21,5.66138E-21,5.35629E-21,5.27843E-21,1.51096E-21,6.38804E-22,2.51E+07,0.00049
4.99E-21,4.88E-21,4.77E-21,4.31E-21,3.84E-21,3.71841E-21,5.01331E-21,4.62405E-21,4.46672E-21,4.37345E-21,1.35556E-21,6.03552E-22,3.98E+07,0.00049
2.86E-21,2.84E-21,2.79E-21,2.63E-21,2.45E-21,2.57141E-21,3.71754E-21,3.09607E-21,2.75121E-21,2.52334E-21,5.55436E-22,2.53392E-22,6.31E+07,0.00049
1.64E-21,1.65E-21,1.64E-21,1.60E-21,1.56E-21,1.78728E-21,2.89611E-21,2.52541E-21,2.30545E-21,2.21528E-21,5.05621E-22,2.31459E-22,1.00E+08,0.00049
9.09E-22,9.34E-22,9.38E-22,9.59E-22,9.69E-22,1.21934E-21,2.22337E-21,2.064E-21,1.97405E-21,1.96872E-21,5.45315E-22,2.45866E-22,1.59E+08,0.00049
4.87E-22,5.10E-22,5.22E-22,5.61E-22,6.06E-22,8.31494E-22,1.67174E-21,1.62856E-21,1.58729E-21,1.58234E-21,4.5381E-22,2.06707E-22,2.51E+08,0.00049
2.49E-22,2.69E-22,2.82E-22,3.23E-22,3.71E-22,5.67783E-22,1.25188E-21,1.25229E-21,1.22878E-21,1.22776E-21,3.47971E-22,1.56886E-22,3.98E+08,0.00049
1.17E-22,1.30E-22,1.43E-22,1.80E-22,2.29E-22,3.90076E-22,9.45768E-22,9.70908E-22,9.53264E-22,9.47935E-22,2.88426E-22,1.33994E-22,6.31E+08,0.00049
4.96E-23,5.84E-23,6.53E-23,9.32E-23,1.33E-22,2.64076E-22,6.62536E-22,7.74631E-22,8.16922E-22,8.515E-22,4.18748E-22,2.16213E-22,1.00E+09,0.00049
1.71E-23,2.24E-23,2.82E-23,4.49E-23,7.04E-23,1.64382E-22,4.49954E-22,5.86778E-22,6.46061E-22,6.85755E-22,2.37399E-22,1.09762E-22,1.59E+09,0.00049
3.04E-24,4.76E-24,1.01E-23,2.28E-23,4.10E-23,1.10509E-22,3.09605E-22,4.31021E-22,4.90409E-22,5.21125E-22,1.6644E-22,7.56804E-23,2.51E+09,0.00049
5.56E-25,9.21E-25,3.10E-24,1.17E-23,2.41E-23,7.22706E-23,2.00882E-22,3.00167E-22,3.48322E-22,3.76598E-22,1.26032E-22,5.74098E-23,3.98E+09,0.00049
1.24E-25,2.02E-25,7.97E-25,5.70E-24,1.41E-23,4.74401E-23,1.31835E-22,2.10551E-22,2.53244E-22,2.75459E-22,9.43141E-23,4.31997E-23,6.31E+09,0.00049
3.31E-26,5.13E-26,2.16E-25,2.85E-24,8.13E-24,3.17936E-23,9.06489E-23,1.50656E-22,1.8535E-22,2.05034E-22,7.42767E-23,3.35782E-23,1.00E+10,0.00049
2.11E-25,3.38E-25,7.23E-25,2.51E-24,6.04E-24,2.3819E-23,7.11869E-23,1.17042E-22,1.41556E-22,1.57886E-22,5.81584E-23,2.63622E-23,1.59E+10,0.00049
7.47E-20,7.16E-20,7.03E-20,6.01E-20,4.91E-20,5.11749E-20,7.66933E-20,7.0892E-20,6.74682E-20,6.56575E-20,1.30035E-20,6.143E-21,3.98E+06,0.00087
4.79E-20,4.52E-20,4.43E-20,3.74E-20,2.97E-20,2.40333E-20,2.00811E-20,1.35531E-20,1.02284E-20,8.13265E-21,8.59772E-22,3.94484E-22,6.31E+06,0.00087
2.67E-20,2.49E-20,2.46E-20,2.07E-20,1.66E-20,1.36561E-20,1.20538E-20,8.21128E-21,6.2824E-21,5.00267E-21,6.40659E-22,2.84878E-22,1.00E+07,0.00087
1.42E-20,1.34E-20,1.33E-20,1.16E-20,9.69E-21,8.64615E-21,8.88031E-21,6.88803E-21,5.88456E-21,5.07257E-21,8.82842E-22,4.03142E-22,1.59E+07,0.00087
7.92E-21,7.62E-21,7.49E-21,6.59E-21,5.73E-21,5.53787E-21,6.77958E-21,6.14416E-21,5.94392E-21,6.02735E-21,2.20656E-21,9.31663E-22,2.51E+07,0.00087
4.75E-21,4.66E-21,4.56E-21,4.21E-21,3.78E-21,3.83795E-21,5.53845E-21,5.31378E-21,5.22183E-21,5.26956E-21,1.74405E-21,7.92181E-22,3.98E+07,0.00087
2.67E-21,2.66E-21,2.62E-21,2.51E-21,2.37E-21,2.59361E-21,4.03565E-21,3.52584E-21,3.26537E-21,3.04472E-21,7.36529E-22,3.36028E-22,6.31E+07,0.00087
1.50E-21,1.53E-21,1.52E-21,1.50E-21,1.47E-21,1.74443E-21,3.06174E-21,2.76026E-21,2.62865E-21,2.58194E-21,7.49478E-22,3.72741E-22,1.00E+08,0.00087
8.20E-22,8.47E-22,8.54E-22,8.83E-22,9.05E-22,1.16886E-21,2.26013E-21,2.19278E-21,2.15031E-21,2.15241E-21,6.63415E-22,3.07265E-22,1.59E+08,0.00087
4.41E-22,4.64E-22,4.78E-22,5.21E-22,5.66E-22,8.04421E-22,1.67627E-21,1.68691E-21,1.6645E-21,1.68335E-21,5.21915E-22,2.3552E-22,2.51E+08,0.00087
2.27E-22,2.46E-22,2.59E-22,3.04E-22,3.54E-22,5.54396E-22,1.25299E-21,1.26982E-21,1.25746E-21,1.25888E-21,3.82425E-22,1.71251E-22,3.98E+08,0.00087
1.05E-22,1.17E-22,1.26E-22,1.63E-22,2.10E-22,3.78042E-22,9.08402E-22,9.75587E-22,9.98376E-22,1.00326E-21,3.32486E-22,1.56145E-22,6.31E+08,0.00087
4.21E-23,5.10E-23,5.83E-23,8.26E-23,1.17E-22,2.48723E-22,6.36829E-22,7.63848E-22,8.21768E-22,8.703E-22,4.83895E-22,2.54007E-22,1.00E+09,0.00087
1.21E-23,1.65E-23,2.36E-23,4.00E-23,6.25E-23,1.5669E-22,4.45244E-22,6.07369E-22,6.90763E-22,7.5062E-22,3.2659E-22,1.54233E-22,1.59E+09,0.00087
1.55E-24,2.60E-24,7.23E-24,1.95E-23,3.50E-23,9.93283E-23,2.89123E-22,4.14603E-22,4.76386E-22,5.13564E-22,1.73686E-22,7.82549E-23,2.51E+09,0.00087
3.36E-25,5.46E-25,2.02E-24,9.54E-24,1.99E-23,6.58042E-23,1.89706E-22,2.93253E-22,3.45411E-22,3.76822E-22,1.34538E-22,6.02783E-23,3.98E+09,0.00087
7.69E-26,1.23E-25,5.10E-25,4.62E-24,1.21E-23,7.20911E-23,4.81065E-22,1.22545E-21,1.68049E-21,1.99437E-21,9.00272E-22,4.023E-22,6.31E+09,0.00087
1.91E-26,3.02E-26,1.31E-25,2.31E-24,7.64E-24,8.33602E-23,6.37517E-22,1.62696E-21,2.24759E-21,2.67941E-21,1.22004E-21,5.3653E-22,1.00E+10,0.00087
1.34E-26,2.19E-26,9.03E-26,1.85E-24,9.93E-24,1.72782E-22,8.20183E-22,1.633E-21,2.20543E-21,2.60717E-21,1.02832E-21,4.64298E-22,1.59E+10,0.00087
6.88E-20,6.47E-20,6.30E-20,5.24E-20,4.14E-20,4.98249E-20,9.63528E-20,9.96059E-20,9.65421E-20,9.82046E-20,2.0153E-20,9.62012E-21,3.98E+06,0.00155
4.73E-20,4.44E-20,4.40E-20,3.85E-20,3.13E-20,2.67086E-20,2.59088E-20,1.84263E-20,1.44415E-20,1.19722E-20,1.48658E-21,6.82814E-22,6.31E+06,0.00155
2.65E-20,2.47E-20,2.46E-20,2.13E-20,1.75E-20,1.513E-20,1.44039E-20,1.00869E-20,7.82358E-21,6.39427E-21,8.86886E-22,3.99279E-22,1.00E+07,0.00155
1.43E-20,1.35E-20,1.35E-20,1.18E-20,9.97E-21,9.30119E-21,1.01455E-20,8.21697E-21,7.18451E-21,6.4838E-21,1.25569E-21,5.67683E-22,1.59E+07,0.00155
7.80E-21,7.54E-21,7.39E-21,6.64E-21,5.78E-21,5.63302E-21,7.66177E-21,7.71702E-21,7.57267E-21,7.87721E-21,3.09791E-21,1.39299E-21,2.51E+07,0.00155
4.40E-21,4.30E-21,4.25E-21,3.95E-21,3.59E-21,3.8113E-21,5.91181E-21,5.97126E-21,6.09596E-21,6.30351E-21,2.25943E-21,9.79472E-22,3.98E+07,0.00155
2.45E-21,2.44E-21,2.43E-21,2.32E-21,2.19E-21,2.47055E-21,4.24563E-21,3.96226E-21,3.80363E-21,3.66758E-21,9.55702E-22,4.36755E-22,6.31E+07,0.00155
1.36E-21,1.38E-21,1.39E-21,1.38E-21,1.36E-21,1.6471E-21,3.01293E-21,3.00512E-21,2.91095E-21,2.8994E-21,9.42385E-22,4.499E-22,1.00E+08,0.00155
7.58E-22,7.84E-22,7.93E-22,8.32E-22,8.57E-22,1.11248E-21,2.17489E-21,2.22256E-21,2.22734E-21,2.2696E-21,7.73202E-22,3.58895E-22,1.59E+08,0.00155
4.07E-22,4.33E-22,4.47E-22,4.96E-22,5.43E-22,7.85466E-22,1.64626E-21,1.6798E-21,1.67429E-21,1.68775E-21,5.55854E-22,2.4976E-22,2.51E+08,0.00155
2.04E-22,2.23E-22,2.34E-22,2.78E-22,3.29E-22,5.3682E-22,1.21804E-21,1.27868E-21,1.29281E-21,1.29327E-21,4.08755E-22,1.83706E-22,3.98E+08,0.00155
9.12E-23,1.05E-22,1.13E-22,1.45E-22,1.86E-22,3.55828E-22,8.66061E-22,9.82551E-22,1.0207E-21,1.06398E-21,4.91554E-22,2.52317E-22,6.31E+08,0.00155
3.26E-23,4.15E-23,5.03E-23,7.20E-23,1.02E-22,2.28868E-22,6.08465E-22,7.33222E-22,7.87459E-22,8.29181E-22,5.84127E-22,3.71525E-22,1.00E+09,0.00155
6.60E-24,1.02E-23,1.84E-23,3.40E-23,5.48E-23,1.82677E-22,7.2845E-22,1.46288E-21,1.92879E-21,2.42874E-21,1.76155E-21,8.098E-22,1.59E+09,0.00155
7.89E-25,1.28E-24,4.27E-24,1.55E-23,2.87E-23,8.97416E-23,2.66683E-22,4.02394E-22,4.70597E-22,5.13647E-22,1.88658E-22,8.3755E-23,2.51E+09,0.00155
1.86E-25,2.99E-25,1.17E-24,7.19E-24,1.56E-23,5.84361E-23,1.73387E-22,2.78364E-22,3.35744E-22,3.69446E-22,1.42194E-22,6.34086E-23,3.98E+09,0.00155
4.46E-26,7.14E-26,3.06E-25,3.45E-24,8.64E-24,4.37994E-23,2.81303E-22,8.59118E-22,1.3259E-21,1.72342E-21,1.14705E-21,4.95079E-22,6.31E+09,0.00155
1.04E-26,1.63E-26,7.46E-26,1.61E-24,5.21E-24,6.11466E-23,5.46774E-22,1.50559E-21,2.11174E-21,2.57924E-21,1.34016E-21,5.81132E-22,1.00E+10,0.00155
2.70E-27,4.23E-27,1.89E-26,9.03E-25,4.25E-24,8.98777E-23,6.23348E-22,1.47145E-21,2.05552E-21,2.47069E-21,1.10096E-21,4.89715E-22,1.59E+10,0.00155
7.10E-20,6.66E-20,6.58E-20,5.60E-20,4.36E-20,4.74289E-20,8.78189E-20,1.05E-19,1.14287E-19,1.15928E-19,2.93509E-20,1.37739E-20,3.98E+06,0.00274
4.36E-20,4.11E-20,4.15E-20,3.62E-20,2.95E-20,2.72988E-20,3.19839E-20,2.70768E-20,2.39697E-20,2.15785E-20,4.19077E-21,1.87531E-21,6.31E+06,0.00274
2.63E-20,2.45E-20,2.46E-20,2.15E-20,1.80E-20,1.61435E-20,1.65954E-20,1.1891E-20,9.27849E-21,7.79997E-21,1.09562E-21,4.9973E-22,1.00E+07,0.00274
1.36E-20,1.30E-20,1.29E-20,1.15E-20,9.96E-21,9.16666E-21,1.02418E-20,8.98175E-21,8.67123E-21,8.59128E-21,3.41551E-21,1.43691E-21,1.59E+07,0.00274
7.21E-21,6.91E-21,6.86E-21,6.18E-21,5.40E-21,5.40746E-21,7.94715E-21,8.13724E-21,8.72543E-21,9.24878E-21,3.90696E-21,1.75989E-21,2.51E+07,0.00274
4.02E-21,3.94E-21,3.92E-21,3.65E-21,3.32E-21,3.48173E-21,5.67656E-21,5.93485E-21,6.2821E-21,6.72541E-21,2.82283E-21,1.21573E-21,3.98E+07,0.00274
2.24E-21,2.24E-21,2.25E-21,2.19E-21,2.07E-21,2.32445E-21,3.96373E-21,3.99582E-21,3.87681E-21,3.92688E-21,1.18479E-21,5.1599E-22,6.31E+07,0.00274
1.27E-21,1.30E-21,1.31E-21,1.33E-21,1.32E-21,1.57581E-21,2.84543E-21,2.94136E-21,2.92053E-21,2.9809E-21,1.1066E-21,5.42419E-22,1.00E+08,0.00274
7.04E-22,7.37E-22,7.50E-22,8.01E-22,8.37E-22,1.09915E-21,2.13238E-21,2.20209E-21,2.19104E-21,2.21208E-21,8.20084E-22,3.82362E-22,1.59E+08,0.00274
3.68E-22,3.96E-22,4.09E-22,4.66E-22,5.18E-22,7.70577E-22,1.63204E-21,1.6579E-21,1.65393E-21,1.67873E-21,6.03476E-22,2.76686E-22,2.51E+08,0.00274
1.78E-22,1.98E-22,2.08E-22,2.51E-22,2.97E-22,5.09068E-22,1.15725E-21,1.24954E-21,1.26836E-21,1.30826E-21,4.41909E-22,1.97615E-22,3.98E+08,0.00274
7.28E-23,8.72E-23,9.69E-23,1.26E-22,1.62E-22,3.23778E-22,8.30881E-22,9.46551E-22,9.98702E-22,1.06602E-21,6.00214E-22,3.12728E-22,6.31E+08,0.00274
2.01E-23,2.75E-23,3.82E-23,6.03E-23,8.59E-23,2.06424E-22,5.80731E-22,7.0634E-22,7.65554E-22,8.19798E-22,4.5291E-22,2.32002E-22,1.00E+09,0.00274
2.62E-24,4.26E-24,1.13E-23,2.73E-23,4.56E-23,1.57183E-22,5.22224E-22,8.10837E-22,9.66728E-22,1.07592E-21,5.82931E-22,2.98549E-22,1.59E+09,0.00274
3.42E-25,5.56E-25,2.10E-24,1.11E-23,2.19E-23,7.87295E-23,2.41407E-22,3.80156E-22,4.58729E-22,5.11749E-22,2.14463E-22,9.44615E-23,2.51E+09,0.00274
8.64E-26,1.36E-25,5.40E-25,5.02E-24,1.14E-23,4.99116E-23,1.57405E-22,2.64049E-22,3.25905E-22,3.64957E-22,1.55152E-22,6.85554E-23,3.98E+09,0.00274
2.10E-26,3.25E-26,1.36E-25,2.29E-24,6.13E-24,3.30291E-23,1.38939E-22,3.34253E-22,5.27923E-22,7.08303E-22,4.9689E-22,2.11255E-22,6.31E+09,0.00274
4.44E-27,6.82E-27,3.14E-26,1.02E-24,3.45E-24,4.41241E-23,4.42288E-22,1.26637E-21,1.80048E-21,2.2121E-21,1.20154E-21,5.09925E-22,1.00E+10,0.00274
9.53E-28,1.48E-27,6.65E-27,4.59E-25,2.17E-24,4.90859E-23,4.60497E-22,1.24497E-21,1.78222E-21,2.1891E-21,1.1263E-21,4.75856E-22,1.59E+10,0.00274
8.09E-20,7.50E-20,7.60E-20,6.70E-20,5.24E-20,4.48548E-20,5.67266E-20,6.76212E-20,7.18561E-20,7.50497E-20,1.87945E-20,8.71465E-21,3.98E+06,0.00483
4.07E-20,3.75E-20,3.81E-20,3.36E-20,2.71E-20,2.71954E-20,4.04542E-20,4.17497E-20,3.76311E-20,3.87053E-20,8.80226E-21,4.07866E-21,6.31E+06,0.00483
2.39E-20,2.22E-20,2.24E-20,2.02E-20,1.69E-20,1.63729E-20,1.96813E-20,1.64622E-20,1.43917E-20,1.3421E-20,2.75601E-21,1.22735E-21,1.00E+07,0.00483
1.28E-20,1.23E-20,1.23E-20,1.09E-20,9.48E-21,8.63981E-21,9.56628E-21,8.61505E-21,8.3912E-21,8.54265E-21,3.75586E-21,1.54086E-21,1.59E+07,0.00483
6.58E-21,6.30E-21,6.30E-21,5.69E-21,4.90E-21,4.29053E-21,5.67944E-21,7.5334E-21,8.68648E-21,1.02281E-20,5.67761E-21,2.43708E-21,2.51E+07,0.00483
3.75E-21,3.70E-21,3.72E-21,3.52E-21,3.22E-21,3.32584E-21,5.2631E-21,5.80895E-21,6.24764E-21,6.94235E-21,3.37598E-21,1.44969E-21,3.98E+07,0.00483
2.11E-21,2.13E-21,2.15E-21,2.13E-21,2.05E-21,2.28499E-21,3.78516E-21,3.72527E-21,3.77668E-21,3.74385E-21,1.28211E-21,5.62972E-22,6.31E+07,0.00483
1.17E-21,1.22E-21,1.23E-21,1.29E-21,1.30E-21,1.58476E-21,2.86907E-21,2.80675E-21,2.79869E-21,2.81917E-21,1.14643E-21,5.65077E-22,1.00E+08,0.00483
6.31E-22,6.73E-22,6.88E-22,7.57E-22,8.06E-22,1.08821E-21,2.12298E-21,2.15416E-21,2.14113E-21,2.18355E-21,8.97031E-22,4.14084E-22,1.59E+08,0.00483
3.18E-22,3.50E-22,3.65E-22,4.20E-22,4.72E-22,7.19923E-22,1.54332E-21,1.60381E-21,1.64279E-21,1.68359E-21,6.54098E-22,2.97871E-22,2.51E+08,0.00483
1.45E-22,1.64E-22,1.79E-22,2.19E-22,2.63E-22,4.60858E-22,1.1125E-21,1.19996E-21,1.22439E-21,1.28607E-21,5.57361E-22,2.64182E-22,3.98E+08,0.00483
4.87E-23,6.25E-23,7.74E-23,1.05E-22,1.38E-22,2.8967E-22,7.96527E-22,9.10118E-22,9.67365E-22,1.03771E-21,6.50315E-22,3.59639E-22,6.31E+08,0.00483
8.93E-24,1.39E-23,2.63E-23,4.78E-23,6.98E-23,1.82406E-22,5.47202E-22,6.87528E-22,7.5653E-22,8.19955E-22,4.90057E-22,2.58477E-22,1.00E+09,0.00483
9.41E-25,1.58E-24,5.47E-24,1.96E-23,3.35E-23,1.08211E-22,3.42499E-22,5.04684E-22,5.94064E-22,6.71593E-22,3.99165E-22,2.0303E-22,1.59E+09,0.00483
1.27E-25,2.07E-25,8.49E-25,7.27E-24,1.54E-23,6.48933E-23,2.10402E-22,3.48007E-22,4.30596E-22,4.86235E-22,2.33763E-22,1.02189E-22,2.51E+09,0.00483
3.93E-26,5.95E-26,2.21E-25,3.20E-24,7.71E-24,4.04335E-23,1.38594E-22,2.4738E-22,3.08839E-22,3.59709E-22,1.70239E-22,7.36866E-23,3.98E+09,0.00483
6.76E-27,1.06E-26,4.83E-26,1.36E-24,3.90E-24,2.45559E-23,8.90766E-23,1.61327E-22,2.0658E-22,2.39847E-22,1.11913E-22,4.87501E-23,6.31E+09,0.00483
1.38E-27,2.09E-27,9.60E-27,5.36E-25,1.97E-24,2.11673E-23,2.15944E-22,6.84802E-22,1.04088E-21,1.3465E-21,9.15179E-22,3.92825E-22,1.00E+10,0.00483
2.47E-28,3.84E-28,1.72E-27,1.84E-25,1.09E-24,3.05819E-23,3.56416E-22,1.04188E-21,1.49273E-21,1.85823E-21,1.03248E-21,4.43921E-22,1.59E+10,0.00483
7.70E-20,7.22E-20,7.36E-20,6.69E-20,5.32E-20,4.82347E-20,5.42993E-20,4.30369E-20,3.72891E-20,3.31196E-20,5.57713E-21,2.58911E-21,3.98E+06,0.00847
3.88E-20,3.53E-20,3.60E-20,3.16E-20,2.45E-20,2.23328E-20,3.55454E-20,4.63725E-20,5.23092E-20,5.51748E-20,1.71926E-20,7.67914E-21,6.31E+06,0.00847
2.13E-20,1.98E-20,2.01E-20,1.81E-20,1.53E-20,1.48029E-20,1.85935E-20,1.81097E-20,1.77217E-20,1.773E-20,6.00963E-21,2.51115E-21,1.00E+07,0.00847
1.16E-20,1.11E-20,1.13E-20,1.05E-20,9.33E-21,8.81187E-21,1.03265E-20,9.06127E-21,9.06285E-21,9.33433E-21,4.5919E-21,1.75954E-21,1.59E+07,0.00847
6.08E-21,5.87E-21,5.99E-21,5.58E-21,4.92E-21,4.37879E-21,5.68433E-21,6.91424E-21,8.23597E-21,1.00951E-20,6.00905E-21,2.48293E-21,2.51E+07,0.00847
3.49E-21,3.49E-21,3.56E-21,3.51E-21,3.31E-21,3.49755E-21,5.2776E-21,5.1875E-21,5.70337E-21,6.52841E-21,3.5334E-21,1.51959E-21,3.98E+07,0.00847
1.93E-21,1.99E-21,2.03E-21,2.08E-21,2.06E-21,2.36009E-21,3.95328E-21,3.7218E-21,3.59889E-21,3.59484E-21,1.22202E-21,5.14929E-22,6.31E+07,0.00847
1.04E-21,1.11E-21,1.13E-21,1.22E-21,1.26E-21,1.57899E-21,2.84284E-21,2.76579E-21,2.71342E-21,2.70373E-21,1.21224E-21,5.79147E-22,1.00E+08,0.00847
5.44E-22,5.92E-22,6.12E-22,6.90E-22,7.45E-22,1.03269E-21,2.03432E-21,2.08271E-21,2.08181E-21,2.15053E-21,9.63745E-22,4.38572E-22,1.59E+08,0.00847
2.57E-22,2.94E-22,3.11E-22,3.72E-22,4.21E-22,6.57283E-22,1.46674E-21,1.5161E-21,1.54341E-21,1.58301E-21,7.11292E-22,3.15749E-22,2.51E+08,0.00847
1.02E-22,1.25E-22,1.42E-22,1.85E-22,2.24E-22,4.14172E-22,1.06993E-21,1.12083E-21,1.15535E-21,1.24947E-21,9.20851E-22,5.04993E-22,3.98E+08,0.00847
2.45E-23,3.54E-23,5.21E-23,8.31E-23,1.11E-22,2.55538E-22,7.5558E-22,8.63328E-22,9.32566E-22,1.0265E-21,7.95255E-22,4.2423E-22,6.31E+08,0.00847
2.68E-24,4.51E-24,1.29E-23,3.41E-23,5.33E-23,1.56555E-22,4.93667E-22,6.42878E-22,7.29364E-22,8.18785E-22,5.84192E-22,3.14895E-22,1.00E+09,0.00847
2.97E-25,4.77E-25,1.89E-24,1.24E-23,2.43E-23,9.86272E-23,3.39497E-22,5.46818E-22,6.67185E-22,7.66145E-22,4.86836E-22,2.2978E-22,1.59E+09,0.00847
3.84E-26,5.96E-26,2.37E-25,4.29E-24,9.87E-24,5.10013E-23,1.79665E-22,3.07331E-22,3.87552E-22,4.58102E-22,2.42619E-22,1.03712E-22,2.51E+09,0.00847
1.24E-26,1.80E-26,6.02E-26,1.67E-24,4.71E-24,3.0208E-23,1.15547E-22,2.14979E-22,2.79722E-22,3.37407E-22,1.82671E-22,7.82445E-23,3.98E+09,0.00847
3.58E-27,5.01E-27,1.38E-26,6.53E-25,2.30E-24,1.7919E-23,7.44648E-23,1.44038E-22,1.89082E-22,2.24047E-22,1.15503E-22,5.0021E-23,6.31E+09,0.00847
1.57E-27,2.09E-27,4.06E-27,2.16E-25,1.05E-24,1.05253E-23,4.88914E-23,9.9496E-23,1.35772E-22,1.66555E-22,9.14314E-23,3.91312E-23,1.00E+10,0.00847
5.50E-29,8.57E-29,3.64E-28,5.42E-26,4.98E-25,1.23052E-23,2.05803E-22,7.13827E-22,1.12906E-21,1.50355E-21,1.07129E-21,4.38222E-22,1.59E+10,0.00847
7.58E-20,7.03E-20,7.27E-20,7.01E-20,5.58E-20,4.69304E-20,4.24678E-20,3.07666E-20,2.42239E-20,2.00767E-20,2.46007E-21,1.15154E-21,3.98E+06,0.01471
3.73E-20,3.41E-20,3.50E-20,3.18E-20,2.55E-20,2.09606E-20,2.39536E-20,3.57467E-20,4.44862E-20,5.20751E-20,3.04767E-20,1.23852E-20,6.31E+06,0.01471
1.94E-20,1.80E-20,1.83E-20,1.72E-20,1.50E-20,1.51127E-20,2.00367E-20,1.78997E-20,1.7191E-20,1.80145E-20,7.1906E-21,2.87995E-21,1.00E+07,0.01471
1.02E-20,9.70E-21,1.01E-20,9.48E-21,8.24E-21,7.58641E-21,9.98823E-21,9.62292E-21,1.03025E-20,1.17127E-20,6.82943E-21,2.52943E-21,1.59E+07,0.01471
5.57E-21,5.46E-21,5.69E-21,5.56E-21,5.07E-21,5.03737E-21,6.94702E-21,6.50269E-21,7.30267E-21,8.58756E-21,5.69361E-21,2.12003E-21,2.51E+07,0.01471
3.11E-21,3.16E-21,3.27E-21,3.31E-21,3.17E-21,3.43165E-21,5.31843E-21,5.18497E-21,6.33739E-21,7.86242E-21,5.59459E-21,2.35008E-21,3.98E+07,0.01471
1.70E-21,1.78E-21,1.82E-21,1.92E-21,1.93E-21,2.27707E-21,3.82383E-21,3.62642E-21,3.50561E-21,3.51259E-21,1.17746E-21,5.06733E-22,6.31E+07,0.01471
9.00E-22,9.72E-22,1.00E-21,1.10E-21,1.16E-21,1.47427E-21,2.62119E-21,2.65502E-21,2.65802E-21,2.68488E-21,1.34293E-21,6.5033E-22,1.00E+08,0.01471
4.46E-22,4.95E-22,5.23E-22,6.11E-22,6.71E-22,9.5086E-22,1.90999E-21,1.91121E-21,1.91551E-21,1.99694E-21,1.03446E-21,4.73375E-22,1.59E+08,0.01471
1.93E-22,2.29E-22,2.49E-22,3.12E-22,3.62E-22,6.0228E-22,1.4146E-21,1.42889E-21,1.42435E-21,1.47117E-21,7.50454E-22,3.475E-22,2.51E+08,0.01471
5.94E-23,7.88E-23,1.02E-22,1.45E-22,1.84E-22,3.71417E-22,1.0195E-21,1.06463E-21,1.07277E-21,1.10662E-21,6.59655E-22,3.07379E-22,3.98E+08,0.01471
8.32E-24,1.37E-23,2.97E-23,6.04E-23,8.50E-23,2.21689E-22,6.90193E-22,8.01897E-22,8.61155E-22,9.37199E-22,7.01068E-22,3.53917E-22,6.31E+08,0.01471
7.63E-25,1.24E-24,4.61E-24,2.21E-23,3.70E-23,1.32046E-22,4.2909E-22,5.78192E-22,6.4949E-22,7.18064E-22,4.50333E-22,2.11058E-22,1.00E+09,0.01471
7.85E-26,1.24E-25,4.89E-25,7.04E-24,1.55E-23,7.82496E-23,2.84116E-22,4.67619E-22,5.78823E-22,6.77879E-22,4.00171E-22,1.68976E-22,1.59E+09,0.01471
1.08E-26,1.60E-26,5.50E-26,2.19E-24,6.25E-24,3.95854E-23,1.53298E-22,2.71376E-22,3.50836E-22,4.17134E-22,2.61056E-22,1.10058E-22,2.51E+09,0.01471
2.84E-27,4.05E-27,1.20E-26,7.19E-25,2.67E-24,2.14414E-23,9.54E-23,1.87472E-22,2.50534E-22,3.03183E-22,1.98017E-22,8.37873E-23,3.98E+09,0.01471
1.88E-27,2.49E-27,4.44E-27,2.54E-25,1.26E-24,1.22184E-23,5.98531E-23,1.19601E-22,1.61752E-22,1.9809E-22,1.12742E-22,4.76515E-23,6.31E+09,0.01471
6.75E-29,1.07E-28,4.28E-28,6.46E-26,5.33E-25,6.77471E-24,3.91514E-23,8.51888E-23,1.17566E-22,1.48784E-22,9.18251E-23,3.87395E-23,1.00E+10,0.01471
1.46E-29,2.34E-29,9.32E-29,1.53E-26,2.44E-25,6.50332E-24,1.17445E-22,4.2234E-22,7.91706E-22,1.15339E-21,9.68658E-22,3.94888E-22,1.59E+10,0.01471
7.33E-20,6.72E-20,7.13E-20,7.13E-20,5.62E-20,4.56392E-20,3.57517E-20,2.39604E-20,1.72533E-20,1.33914E-20,1.28191E-21,5.84374E-22,3.98E+06,0.02509
3.91E-20,3.67E-20,3.78E-20,3.65E-20,3.17E-20,2.78059E-20,2.75179E-20,2.40971E-20,2.49537E-20,2.7908E-20,1.44317E-20,5.92231E-21,6.31E+06,0.02509
1.75E-20,1.64E-20,1.67E-20,1.57E-20,1.37E-20,1.211E-20,1.32381E-20,1.31782E-20,1.59268E-20,2.07243E-20,1.5E-20,5.97903E-21,1.00E+07,0.02509
9.29E-21,8.90E-21,9.51E-21,9.22E-21,8.16E-21,7.0233E-21,7.44536E-21,6.80051E-21,8.70971E-21,1.14168E-20,9.0776E-21,3.42149E-21,1.59E+07,0.02509
5.04E-21,5.01E-21,5.30E-21,5.29E-21,4.88E-21,4.67101E-21,6.18051E-21,6.23638E-21,6.95005E-21,8.16894E-21,5.47024E-21,2.10736E-21,2.51E+07,0.02509
2.81E-21,2.90E-21,3.03E-21,3.12E-21,3.02E-21,3.16209E-21,4.65425E-21,4.78053E-21,5.90255E-21,7.36238E-21,5.6045E-21,2.24573E-21,3.98E+07,0.02509
1.50E-21,1.61E-21,1.67E-21,1.79E-21,1.82E-21,2.0807E-21,3.28051E-21,3.25079E-21,3.31218E-21,3.47576E-21,1.43767E-21,5.87248E-22,6.31E+07,0.02509
7.47E-22,8.34E-22,8.71E-22,9.97E-22,1.06E-21,1.38734E-21,2.45677E-21,2.39145E-21,2.35888E-21,2.47817E-21,1.66958E-21,8.43517E-22,1.00E+08,0.02509
3.42E-22,3.93E-22,4.29E-22,5.25E-22,5.80E-22,8.91261E-22,1.84027E-21,1.81518E-21,1.80381E-21,1.87795E-21,1.21386E-21,5.16553E-22,1.59E+08,0.02509
1.28E-22,1.59E-22,1.89E-22,2.51E-22,2.98E-22,5.51007E-22,1.3663E-21,1.35982E-21,1.34652E-21,1.38666E-21,8.5723E-22,3.91681E-22,2.51E+08,0.02509
2.65E-23,4.11E-23,6.70E-23,1.07E-22,1.40E-22,3.29736E-22,9.60506E-22,1.01919E-21,1.02756E-21,1.07048E-21,6.52581E-22,2.88341E-22,3.98E+08,0.02509
2.45E-24,4.01E-24,1.27E-23,4.04E-23,6.02E-23,1.90908E-22,6.1713E-22,7.47255E-22,7.94282E-22,8.48791E-22,5.71588E-22,2.81739E-22,6.31E+08,0.02509
1.78E-25,2.85E-25,1.14E-24,1.22E-23,2.39E-23,1.08598E-22,3.69202E-22,5.28643E-22,5.92713E-22,6.39616E-22,4.32717E-22,1.8925E-22,1.00E+09,0.02509
1.33E-26,2.04E-26,7.56E-26,3.34E-24,9.31E-24,6.11831E-23,2.3431E-22,3.9661E-22,4.81256E-22,5.5117E-22,3.42007E-22,1.4611E-22,1.59E+09,0.02509
2.32E-27,3.39E-27,9.78E-27,9.16E-25,3.65E-24,2.99999E-23,1.28186E-22,2.35692E-22,3.0826E-22,3.7145E-22,2.58991E-22,1.0905E-22,2.51E+09,0.02509
2.18E-27,2.83E-27,4.65E-27,2.23E-25,1.39E-24,1.46441E-23,7.72225E-23,1.60712E-22,2.21309E-22,2.79147E-22,2.07292E-22,8.59785E-23,3.98E+09,0.02509
9.45E-29,1.52E-28,5.94E-28,7.82E-26,6.77E-25,8.3028E-24,4.84254E-23,1.03584E-22,1.43194E-22,1.8157E-22,1.16691E-22,4.83464E-23,6.31E+09,0.02509
2.62E-29,4.20E-29,1.67E-28,2.09E-26,3.00E-25,4.53676E-24,3.22262E-23,7.27178E-23,1.03885E-22,1.31895E-22,9.30438E-23,3.88076E-23,1.00E+10,0.02509
5.12E-30,8.18E-30,3.28E-29,4.97E-27,1.18E-25,2.52721E-24,2.16703E-23,5.30703E-23,7.93097E-23,1.05216E-22,8.20708E-23,3.3716E-23,1.59E+10,0.02509
6.03E-20,5.13E-20,5.55E-20,7.44E-20,5.56E-20,4.18433E-20,3.31285E-20,2.19925E-20,1.58994E-20,1.21509E-20,1.29913E-21,6.45224E-22,3.98E+06,0.04162
3.11E-20,2.68E-20,2.99E-20,3.95E-20,3.12E-20,2.82072E-20,3.37459E-20,3.12379E-20,3.01756E-20,2.94161E-20,1.01003E-20,4.31611E-21,6.31E+06,0.04162
1.53E-20,1.40E-20,1.52E-20,1.73E-20,1.37E-20,1.11352E-20,1.0132E-20,7.43447E-21,9.60367E-21,1.53909E-20,2.20816E-20,7.82715E-21,1.00E+07,0.04162
7.93E-21,7.77E-21,8.48E-21,8.66E-21,7.86E-21,6.99178E-21,7.39509E-21,5.98152E-21,7.81151E-21,1.04351E-20,9.80485E-21,3.72252E-21,1.59E+07,0.04162
4.30E-21,4.38E-21,4.72E-21,4.94E-21,4.69E-21,4.51479E-21,5.45763E-21,4.69549E-21,5.80981E-21,7.61728E-21,7.70724E-21,3.26693E-21,2.51E+07,0.04162
2.36E-21,2.52E-21,2.67E-21,2.87E-21,2.85E-21,3.04115E-21,4.19119E-21,3.83082E-21,4.61294E-21,6.0995E-21,5.59732E-21,2.26464E-21,3.98E+07,0.04162
1.21E-21,1.34E-21,1.41E-21,1.59E-21,1.65E-21,2.00069E-21,3.14441E-21,2.89385E-21,2.94954E-21,3.13575E-21,1.47531E-21,6.06272E-22,6.31E+07,0.04162
5.71E-22,6.62E-22,7.07E-22,8.55E-22,9.23E-22,1.30952E-21,2.38188E-21,2.24466E-21,2.22383E-21,2.3256E-21,1.8952E-21,9.48072E-22,1.00E+08,0.04162
2.36E-22,2.90E-22,3.30E-22,4.31E-22,4.80E-22,8.17969E-22,1.78077E-21,1.71752E-21,1.68739E-21,1.74509E-21,1.36607E-21,5.86986E-22,1.59E+08,0.04162
7.10E-23,9.94E-23,1.34E-22,1.95E-22,2.35E-22,4.93866E-22,1.29383E-21,1.29185E-21,1.27701E-21,1.31742E-21,8.65763E-22,4.10553E-22,2.51E+08,0.04162
9.44E-24,1.56E-23,3.51E-23,7.73E-23,1.02E-22,2.84512E-22,8.7752E-22,9.6242E-22,9.77368E-22,1.01009E-21,6.47444E-22,2.8129E-22,3.98E+08,0.04162
6.22E-25,9.98E-25,3.84E-24,2.42E-23,3.99E-23,1.60438E-22,5.35143E-22,6.88619E-22,7.40477E-22,7.86427E-22,5.09025E-22,2.1401E-22,6.31E+08,0.04162
2.95E-26,4.68E-26,1.75E-25,5.60E-24,1.38E-23,8.56895E-23,3.09732E-22,4.75031E-22,5.43766E-22,5.96692E-22,3.97675E-22,1.68136E-22,1.00E+09,0.04162
2.94E-27,4.68E-27,1.41E-26,1.28E-24,5.35E-24,4.46958E-23,1.90276E-22,3.37199E-22,4.08536E-22,4.70859E-22,3.11822E-22,1.31105E-22,1.59E+09,0.04162
1.41E-27,1.96E-27,4.13E-27,3.15E-25,2.17E-24,2.20807E-23,1.08415E-22,2.13016E-22,2.8157E-22,3.44867E-22,2.47553E-22,1.04526E-22,2.51E+09,0.04162
9.70E-29,1.55E-28,6.12E-28,7.12E-26,8.13E-25,1.04338E-23,6.6624E-23,1.45723E-22,2.06012E-22,2.64802E-22,1.89564E-22,7.68356E-23,3.98E+09,0.04162
3.76E-29,6.01E-29,2.39E-28,2.75E-26,4.04E-25,5.75319E-24,4.05585E-23,9.4139E-23,1.32425E-22,1.7149E-22,1.2759E-22,5.20385E-23,6.31E+09,0.04162
1.04E-29,1.67E-29,6.68E-29,8.33E-27,1.73E-25,3.06271E-24,2.57779E-23,6.14425E-23,9.19046E-23,1.19814E-22,9.53549E-23,3.91915E-23,1.00E+10,0.04162
1.91E-30,3.08E-30,1.24E-29,2.13E-27,7.03E-26,1.67367E-24,1.73888E-23,4.53089E-23,6.92103E-23,9.44405E-23,8.63523E-23,3.52036E-23,1.59E+10,0.04162
