f_APID,APID,RAJ2000_1,DEJ2000_1,Rap,Reff,fcl_g,PCID,AltID,mcor,f275w_ul,f275w_vega,f275w_err,f336w_ul,f336w_vega,f336w_err,f475w_ul,f475w_vega,f475w_err,f814w_ul,f814w_vega,f814w_err,f110w_ul,f110w_vega,f110w_err,f160w_ul,f160w_vega,f160w_err,Cl,Mcat,Simbad,recno,RA_UVIT (deg),RA_std (deg),DEC_UVIT (deg),DEC_std (deg),F148W_AB,F148W_err,F172M_AB,F172M_err,N219M_AB,N219M_err,N279N_AB,N279N_err,F169M_AB,F169M_err,Separation_1,Region
,2219,10.62471194,41.29049,1.51,0.48,0.76,1402,B104-NB5,-0.03,,19.39,0.02,,18.61,0.01,,18.24,0.02,,16.71,0.04,,16.21,0.08,,15.59,0.06,,2,Simbad,1451,10.62469393,7.97E-05,41.29040386,4.64E-05,22.94951863,0.10871737,22.24549941,0.157215016,21.27587796,0.141018493,21.08665624,0.192855291,25.54822389,0.588525306,0.313910126,1
,2466,10.63022694,41.32747611,2.15,0.52,0.73,1386,B107-G169,0,,18.03,0.02,,17.01,0.01,,16.44,0.05525,,14.66,0.13882075,,14.05,0.03,,13.34,0.03,,2,Simbad,1588,10.63019949,6.06E-05,41.32742255,4.68E-05,21.60149025,0.083084281,21.13712353,0.097471384,20.78757295,0.11442015,19.94135408,0.11583464,21.13687893,0.0814449,0.206594218,1
B,5117,10.64797306,41.24283,1.53,0.5,0.45,1439,B064D-NB6,-0.04,,18.27,0.01,,17.54,0.01,,17.06,0.01,,15.55,0.04,,14.98,0.05,,14.33,0.07,,2,Simbad,2692,10.64800877,1.05E-04,41.24287145,5.76E-05,22.13163721,0.090335909,21.40902105,0.109267395,20.265215,0.092320457,20.12193355,0.125364911,22.08098127,0.121949276,0.177787808,1
B,6564,10.672655,41.25663,1.6,0.42,0.33,1395,B124-NB10,-0.01,,17.54,0.044584837,,16.2,0.038844764,,15.44,0.01,,13.74,0.01,,12.95,0.01,,12.2,0.01,,2,Simbad,2737,10.67261867,4.59E-05,41.25659798,1.89E-05,21.13815522,0.078797571,20.67117831,0.080687007,20.29948648,0.093595953,19.53198151,0.097094367,20.63427923,0.066561725,0.151503143,1
,1268,10.68203889,41.21192306,1.44,0.49,0.86,1415,B126-G184,-0.04,,18.74,0.02,,18.02,0.01,,17.77,0.01,,16.24,0.03,,15.67,0.05,,14.92,0.06,,2,Simbad,856,10.68204311,3.53E-05,41.21189624,3.61E-05,21.84784752,0.086091966,20.86091014,0.087038839,21.73734402,0.172687279,20.45036578,0.14496767,21.56240859,0.097394585,0.097206626,1
B,3704,10.68539694,41.24490111,2.05,0.7,0.6,1425,B127-G185,-0.05,,17.14,0.044584837,,15.88,0.038844764,,15.16,0.05525,,13.41,0.01,,12.71,0.02,,11.98,0.02,,2,Simbad,2252,10.6853597,4.11E-05,41.24485188,1.75E-05,21.3240505,0.080327631,21.01232158,0.092574964,20.22440657,0.090831114,20.45940394,0.145551808,21.15522833,0.082064566,0.203884119,1
B,6039,10.68656306,41.245655,0.88,0.31,0.37,1426,NB89,-0.06,,19.87,0.04,,19.02,0.07,,18.62,0.11,,17.01,0.19,,16.38,0.29,,15.59,0.32,,2,Simbad,2733,10.68650762,6.55E-05,41.24558309,7.20E-05,22.73564335,0.102874815,22.28723568,0.160152086,21.94796004,0.189639934,21.28938401,0.211380887,22.56016083,0.150798649,0.299224478,1
,2862,10.69088694,41.366745,1.13,0.38,0.69,0,,-0.04,,19.79,0.01,,19.67,0.02,,19.99,0.02,,18.67,0.12,,18.01,0.26,,17.13,0.21,,0,Simbad,1825,10.69089679,5.04E-05,41.36670336,5.51E-05,21.99211723,0.088136415,21.45190833,0.11127849,21.27354927,0.140875926,20.97633926,0.183490533,21.91490862,0.113401853,0.152244518,1
,2377,10.70855111,41.32451306,1.23,0.38,0.74,0,B262,-0.03,,19.49,0.05,,18.75,0.02,,18.41,0.03,,16.91,0.06,,16.51,0.1,,15.95,0.15,,2,Simbad,1534,10.70851349,3.22E-05,41.3244749,4.46E-05,22.90426387,0.107411358,22.11578198,0.148452012,21.80021464,0.177570851,20.00176156,0.118930573,22.53477609,0.149099433,0.170912797,1
,3578,10.70951389,41.394465,1.13,0.35,0.61,0,,-0.03,,17.94,0.02,,18.04,0.01,,19.13,0.02,,18.97,0.13,>,18.46,0.1503876,>,17.22,0.15390909,,0,Simbad,2194,10.70953029,4.52E-05,41.39452751,2.26E-05,19.85471924,0.072836028,19.91578402,0.060938319,19.66540859,0.073378224,19.32532751,0.088978532,19.76290462,0.048637621,0.229353048,1
,1224,10.70961194,41.42011,1.35,0.36,0.85,0,B530,-0.01,,17.13,0.02,,17.44,0.01,,18.77,0.02,,18.92,0.13,>,18.62,0.1503876,>,17.63,0.15390909,Cl,1,Simbad,834,10.709602,3.82E-05,41.42012156,4.84E-05,18.99896039,0.071323739,18.66772488,0.042573397,18.75125229,0.05442568,18.4562161,0.06284237,18.79065926,0.03706101,0.049510698,1
B,6947,10.71169194,41.28540694,1.74,0.46,0.3,1374,B131-G189,-0.01,,17.81,0.02,,16.66,0.038844764,,16.06,0.01,,14.42,0.01,,13.71,0.01,,12.99,0.03,,2,Simbad,2738,10.71160186,4.23E-05,41.28537497,4.12E-05,21.27733472,0.079921013,20.88856806,0.088018185,20.409731,0.097856179,19.85688425,0.111654866,20.78338687,0.070578357,0.269506341,1
,662,10.715145,41.39158306,1.89,0.6,0.92,0,B133-G191,-0.03,,16.81,0.02,,17.03,0.03,,18.08,0.03,,16.73,0.04,,15.93,0.05,,14.97,0.05,,1,Simbad,475,10.71517735,4.21E-05,41.39164695,1.46E-05,18.9004116,0.071213088,18.40273001,0.040269084,18.59970632,0.052184927,18.45956447,0.062921819,18.85998327,0.037665326,0.246041347,1
,3938,10.760605,41.39544306,1.14,0.28,0.57,0,,0,,19.89,0.04,,19.93,0.02,,20.51,0.08,,19.09,0.12,,18.73,0.33,>,17.82,0.15390909,,0,Simbad,2371,10.76059462,3.76E-05,41.39541022,2.88E-05,21.80428545,0.085517545,21.4811232,0.112673116,22.10587832,0.203511599,21.02952272,0.187944682,21.55587134,0.097123101,0.121472135,1
,2590,10.76609194,41.30136389,1.85,0.46,0.69,616,B148-G200,0,,17.61,0.01,,16.8,0.038844764,,16.4,0.05525,,14.85,0.01,,14.31,0.03,,13.66,0.04,,2,Simbad,1664,10.76603565,1.08E-05,41.30134846,1.22E-05,20.33610522,0.074351494,20.32538948,0.070630231,20.32530937,0.094572143,19.38475254,0.091227205,20.46045937,0.062264801,0.162053058,1
,5131,10.81066194,41.26651111,1.56,0.47,0.45,605,,-0.02,,19.93,0.06,,19.91,0.04,,20.31,0.06,>,19.14,0.13882075,>,18.27,0.1503876,>,17.23,0.15390909,,0,Simbad,2693,10.81050496,6.66E-05,41.266499,1.88E-05,22.2336646,0.092094028,22.18444005,0.153022334,21.43509128,0.151158134,20.9667126,0.182696131,22.37835051,0.139069127,0.427015527,1
,1416,10.814255,41.19028111,2.04,0.48,0.84,682,B161-G215,0,,18.24,0.02,,17.3,0.01,,16.88,0.01,,15.32,0.01,,14.74,0.02,,14.04,0.03,,2,Simbad,957,10.81418649,5.78E-05,41.19025896,3.96E-05,21.38054556,0.080840383,20.98206251,0.091433936,20.88457587,0.119205829,19.70042463,0.104353144,21.53368576,0.096208273,0.202020616,1
,712,10.8223,41.52489111,1.59,0.36,0.92,0,B098D,0,,19.42,0.04,,19.22,0.02,,19.13,0.01,,18.25,0.12,,17.61,0.26,,16.9,0.31,,2,Simbad,507,10.82233985,1.01E-04,41.52489518,6.58E-05,21.88383934,0.050886402,22.41569942,0.199318318,21.3987328,0.150277635,20.83735912,0.132652495,,,0.108399955,2
,166,10.82594389,41.18187,2.29,0.62,0.97,680,B165-G218,-0.01,,17.96,0.02,,17.23,0.038844764,,17.02,0.05525,,15.64,0.02,,15.2,0.03,,14.63,0.05,,2,Simbad,128,10.82591728,4.28E-05,41.18184241,4.37E-05,21.41028948,0.081119881,21.54285649,0.115687108,20.64603215,0.107841272,19.56647555,0.098532111,21.81538626,0.108599792,0.122731536,1
,3357,10.86233,41.15786111,1.6,0.29,0.61,0,,0,,19.58,0.01,,19.75,0.04,,20.53,0.07,>,19.79,0.13882075,>,18.69,0.1503876,,17.75,0.35,,0,Simbad,2079,10.86233147,3.89E-05,41.1578659,1.37E-05,21.7801275,0.085207187,21.0559777,0.09425254,21.83067168,0.179989847,20.93918081,0.180443936,21.48194633,0.094113423,0.017676619,1
,302A,10.865035,41.45169889,1.76,0.29,0.95,0,,0,,18.53,0.01,,18.74,0.01,,19.87,0.04,>,19.07,0.13882075,>,17.97,0.1503876,>,16.74,0.15390909,,0,Simbad,233,10.86496384,6.66E-05,41.45170117,4.95E-05,20.28668191,0.032066225,20.41260208,0.086118695,20.12275207,0.087170205,19.8838635,0.086533243,,,0.192188838,2
,302B,10.865035,41.45169889,1.76,0.29,0.95,0,,0,,18.53,0.01,,18.74,0.01,,19.87,0.04,>,19.07,0.13882075,>,17.97,0.1503876,>,16.74,0.15390909,,0,Simbad,233,10.86495996,6.58E-05,41.4517965,1.30E-04,20.5249091,0.075142799,20.18322441,0.067012286,20.09051951,0.086162951,20.20185904,0.129855282,20.27798255,0.058169274,0.405568211,1
,3719,10.87131806,41.18609306,1.69,0.63,0.52,0,,-0.07,,20.05,0.02,,19.94,0.03,,20.43,0.08,>,19.03,0.13882075,>,17.81,0.1503876,>,16.93,0.15390909,,0,Simbad,2263,10.87130105,7.24E-05,41.18617197,5.35E-05,22.82264131,0.105151855,22.01831757,0.142217522,22.72784196,0.269393064,21.36088638,0.218345806,22.53843672,0.149343209,0.287812626,1
,18,10.87146694,41.576765,1.97,0.62,0.99,0,,-0.03,,20.35,0.07,,19.91,0.05,,19.93,0.08,,19.59,0.33,>,18.17,0.1503876,>,17.25,0.15390909,,0,Simbad,16,10.87151931,6.86E-05,41.57670185,7.49E-05,22.75023841,0.071162673,22.46364566,0.203618438,21.64789293,0.167854644,22.03484061,0.228935891,,,0.2675181,2
E,3155,10.87334806,41.31169694,3.44,0.64,0.62,0,,0,,15.5,0.01,,15.85,0.01,,17.26,0.04,,17.19,0.16,>,16.59,0.1503876,>,15.65,0.15390909,,0,Simbad,1979,10.87332714,7.82E-05,41.31166966,2.74E-05,18.02029268,0.070562788,17.62358883,0.03560857,17.71968243,0.04286649,17.90991558,0.051673212,17.91176661,0.031518975,0.113329322,1
,1052,10.87828611,41.35455889,3.41,0.83,0.88,0,B178-G229,0,,16.7,0.02,,15.91,0.01,,15.62,0.01,,14.12,0.01,,13.56,0.03,,12.88,0.03,,2,Simbad,723,10.87820266,9.46E-05,41.35456515,2.07E-05,20.01227081,0.073263356,19.83797133,0.059338387,19.31997859,0.064996844,18.6523174,0.067746114,19.79986114,0.049230921,0.226644538,1
,1802,10.87959306,41.30408111,3.18,0.68,0.8,0,B179-G230,0,,17.67,0.02,,16.47,0.01,,15.99,0.01,,14.43,0.01,,13.83,0.02,,13.13,0.01,,2,Simbad,1204,10.87949696,6.81E-05,41.30405602,5.95E-05,22.08550532,0.089583259,21.83244408,0.131110316,20.37623751,0.096536106,19.83776247,0.110732276,22.72845792,0.162596291,0.275140499,1
,808,10.88302611,41.16900611,1.37,0.35,0.91,0,,0,,17.75,0.01,,18.07,0.01,,19.43,0.06,,19.33,0.26,>,18.24,0.1503876,>,17.11,0.15390909,,0,Simbad,573,10.88303715,2.73E-05,41.16895301,1.28E-05,19.59910177,0.072258045,19.220688,0.048968275,19.51843412,0.069609904,19.33878663,0.089481981,19.52350586,0.045097372,0.193489725,1
,3455,10.88426611,41.16484611,1.3,0.32,0.62,0,,0,,18.45,0.01,,18.53,0.01,,19.74,0.04,,19.27,0.05,>,18.32,0.1503876,>,17.46,0.15390909,,0,Simbad,2135,10.88417599,4.27E-05,41.16481602,1.63E-05,20.46262774,0.074867369,20.2118382,0.067717831,20.67150977,0.108991169,19.5860308,0.099358152,20.43146337,0.061586399,0.267183314,1
,1231,10.88782306,41.27703194,1.63,0.39,0.86,0,,0,,19.99,0.07,,19.8,0.03,,20.09,0.03,>,19.18,0.13882075,>,18.02,0.1503876,>,17.06,0.15390909,,0,Simbad,838,10.88769759,8.21E-05,41.27704936,1.02E-05,22.99136361,0.10995974,21.69105691,0.123307372,22.1754725,0.209961835,21.83192774,0.270523527,22.10499919,0.123243131,0.345189713,1
,2672,10.89381694,41.16141111,1.57,0.15,0.71,0,,0,,17.66,0.02,,17.78,0.03,,19,0.04,,18.96,0.18,>,18.26,0.1503876,>,17.71,0.15390909,,0,Simbad,1716,10.89379431,3.41E-05,41.16139517,6.08E-06,19.89226816,0.072932535,19.3228997,0.050425108,19.76638041,0.076152124,19.09896046,0.081003942,19.90989803,0.051075926,0.083993736,1
,3146,10.89731389,41.176675,1.96,0.81,0.58,0,,-0.11,,17.78,0.02,,18,0.02,,19.41,0.03,>,19.12,0.13882075,>,17.94,0.1503876,>,17.01,0.15390909,,0,Simbad,1976,10.89712027,2.84E-05,41.17662717,3.24E-05,19.52973786,0.072122628,19.19028562,0.048552932,19.45949939,0.068184674,19.05503255,0.079559912,19.43172137,0.043871749,0.552162042,1
,2583A,10.89956611,41.403715,1.42,0.19,0.68,0,,0,,18.51,0.01,,18.7,0.01,,19.83,0.04,>,20.41,0.13882075,>,18.12,0.1503876,>,16.99,0.15390909,,0,Simbad,1659,10.89952376,5.25E-05,41.40366264,5.65E-05,20.20336178,0.031525481,20.30022338,0.082583771,20.13881155,0.087740407,19.85941675,0.085603685,,,0.220470762,2
,2583B,10.89956611,41.403715,1.42,0.19,0.68,0,,0,,18.51,0.01,,18.7,0.01,,19.83,0.04,>,20.41,0.13882075,>,18.12,0.1503876,>,16.99,0.15390909,,0,Simbad,1659,10.89948,7.04E-05,41.40372029,6.34E-05,20.55484938,0.075280556,20.18706321,0.067106291,20.2972374,0.093511549,20.20731536,0.130168162,20.129057,0.055120112,0.23328738,1
,98,10.90495694,41.17478389,2.18,0.45,0.98,0,,0,,17.56,0.02,,17.42,0.04,,17.67,0.02,,16.93,0.08,,16.78,0.19,,16.46,0.33,,0,Simbad,74,10.90493316,2.56E-05,41.174739,2.37E-05,20.1049624,0.07354395,19.39918712,0.051575237,19.84541419,0.078433538,18.92836107,0.075573766,19.66481705,0.047124887,0.173998602,1
,390A,10.91157889,41.38072611,2.45,0.78,0.95,0,,-0.03,,16.32,0.04,,16.49,0.04,,17.22,0.03,,16.76,0.05,,16.37,0.12,,15.85,0.19,,0,Simbad,289,10.91151789,4.01E-05,41.38065408,1.00E-04,18.19995912,0.025116769,18.54803968,0.049400964,17.84496469,0.041556489,17.75127522,0.036184551,,,0.307238087,2
,390B,10.91157889,41.38072611,2.45,0.78,0.95,0,,-0.03,,16.32,0.04,,16.49,0.04,,17.22,0.03,,16.76,0.05,,16.37,0.12,,15.85,0.19,,0,Simbad,289,10.91147237,6.89E-05,41.38070386,2.54E-05,18.35383922,0.070750596,17.80336832,0.036450599,18.09696366,0.046175427,17.89880543,0.051480176,18.31566171,0.033627679,0.298672159,1
,2542,10.91213889,41.50266111,1.29,0.39,0.71,0,,-0.02,,20.81,0.08,,20.78,0.11,,20.9,0.15,>,19.6,0.13882075,>,18.52,0.1503876,>,17.54,0.15390909,,0,Simbad,1632,10.91200945,7.11E-05,41.50269864,6.95E-05,22.67884792,0.06912067,22.74718599,0.231149066,22.16190129,0.211391085,22.60157123,0.296860142,,,0.374213166,2
,1337A,10.91383611,41.38700889,1.42,0.26,0.8,0,,0,,16.66,0.01,,16.98,0.01,,18.33,0.03,,18.14,0.08,,16.96,0.11,,16.01,0.1,,0,Simbad,905,10.9137803,3.70E-05,41.3869359,8.76E-05,18.44539756,0.025458377,18.70163402,0.051048306,20.14593567,0.087994867,18.01764171,0.039869999,,,0.302929316,2
,1337B,10.91383611,41.38700889,1.42,0.26,0.8,0,,0,,16.66,0.01,,16.98,0.038844764,,18.33,0.03,,18.14,0.08,,16.96,0.11,,16.01,0.1,,0,Simbad,905,10.91376662,5.93E-05,41.38698033,3.12E-05,18.73025359,0.071043825,18.33716433,0.039763442,18.19756406,0.047218816,18.26519539,0.058542928,18.49432198,0.03478389,0.21401227,1
E,693,10.91408889,41.16914,3.09,0.62,0.92,0,SK138B,0,,15.76,0.02,,15.84,0.02,,16.57,0.02,,16,0.04,,15.62,0.08,,15.36,0.1,Cl,1,Simbad,495,10.91397926,3.63E-05,41.16899981,3.08E-05,18.47917798,0.070837315,18.0855345,0.038034851,20.12012351,0.08716693,19.03245917,0.078830405,18.26260964,0.03331264,0.585632919,1
,2415,10.91663889,41.20125389,1.59,0.28,0.69,0,,0,,18.29,0.08,,18.44,0.08,,19.65,0.08,,19.27,0.18,>,18.44,0.1503876,>,17.53,0.15390909,,0,Simbad,1559,10.91667859,2.44E-05,41.20124254,3.29E-05,20.05326307,0.073384629,19.75089505,0.057631901,20.23073314,0.091059932,19.80660002,0.10924705,20.06941608,0.053968875,0.115024473,1
,2309,10.91702694,41.50246694,1.89,0.4,0.73,0,,0,,17.6,0.01,,17.94,0.01,,19.37,0.03,>,18.96,0.13882075,>,17.5,0.1503876,>,16.45,0.15390909,,0,Simbad,1493,10.91697841,6.96E-05,41.50249126,1.48E-05,19.28399051,0.027342278,19.44051192,0.061877944,18.96498439,0.056655121,19.08545694,0.061205306,,,0.157447686,2
,844,10.91907389,41.43061694,1.5,0.44,0.9,0,,-0.02,,18.59,0.01,,18.58,0.01,,19.13,0.04,,17.84,0.09,,17.3,0.18,,16.52,0.1,,0,Simbad,597,10.91904254,1.16E-04,41.43054196,1.98E-05,20.58850496,0.034313612,21.06189527,0.11126838,20.64592673,0.108361402,20.00153595,0.091162945,,,0.282889486,2
,3692,10.92548889,41.43112306,1.58,0.49,0.6,0,,-0.03,,18.18,0.03,,18.41,0.01,,19.6,0.06,>,19.27,0.13882075,>,17.81,0.1503876,>,16.79,0.15390909,,0,Simbad,2244,10.92548439,6.96E-05,41.43109896,2.11E-05,19.91583619,0.029892367,20.17579104,0.078917225,19.70381051,0.073864637,19.61740015,0.076967381,,,0.08758761,2
,5023A,10.92580889,41.38666694,1.32,0.23,0.46,0,,0,,17.48,0.01,,17.86,0.02,,19.52,0.04,>,20.72,0.13882075,>,18.2,0.1503876,>,17.18,0.15390909,,0,Simbad,2684,10.92568672,3.85E-05,41.38659836,7.92E-05,18.80478345,0.026108113,18.9306118,0.053855765,20.45650807,0.100036813,18.91304569,0.056923465,,,0.412124383,2
,5023B,10.92580889,41.38666694,1.32,0.23,0.46,0,,0,,17.48,0.01,,17.86,0.02,,19.52,0.04,>,20.72,0.13882075,>,18.2,0.1503876,>,17.18,0.15390909,,0,Simbad,2684,10.92567015,5.67E-05,41.38664959,3.82E-05,18.97058675,0.071290863,18.68000531,0.04269099,18.81448011,0.055426631,19.15402151,0.082860287,18.91913844,0.038204161,0.379895684,1
,3714A,10.92740306,41.39606889,1.68,0.44,0.6,0,,-0.01,,19.55,0.28,,19.54,0.21,,19.63,0.18,,18.2,0.11,,17.53,0.2,,16.88,0.27,,0,Simbad,2260,10.92723592,7.82E-05,41.39603762,7.68E-05,21.62113816,0.046409813,21.65427082,0.142771941,21.30370179,0.144106385,21.05049653,0.146109791,,,0.465189216,2
,3714B,10.92740306,41.39606889,1.68,0.44,0.6,0,,-0.01,,19.55,0.28,,19.54,0.21,,19.63,0.18,,18.2,0.11,,17.53,0.2,,16.88,0.27,,0,Simbad,2260,10.92729396,4.78E-05,41.39610974,6.16E-05,21.83465908,0.085916029,21.99408285,0.140712173,21.63693676,0.16518613,21.03520093,0.188426847,21.58493318,0.098336746,0.329284193,1
,332A,10.92895,41.39684389,1.9,0.61,0.95,0,,-0.03,>,19.24,0.044584837,,19.05,0.2,,19.42,0.16,,18.9,0.32,>,17.92,0.1503876,>,16.75,0.15390909,,0,Simbad,255,10.92884539,5.54E-05,41.39674718,8.53E-05,20.90728785,0.037245025,21.38805579,0.127457125,20.76193229,0.113860195,20.09546341,0.09504966,,,0.44832956,2
,332B,10.92895,41.39684389,1.9,0.61,0.95,0,,-0.03,>,19.24,0.044584837,,19.05,0.2,,19.42,0.16,,18.9,0.32,>,17.92,0.1503876,>,16.75,0.15390909,,0,Simbad,255,10.92890574,6.16E-05,41.39684998,6.60E-05,21.03350537,0.078033712,20.72621961,0.082465328,21.66412356,0.167181706,20.55145183,0.151646119,21.2258501,0.084504005,0.121522192,1
,4039A,10.92962111,41.37571306,1.33,0.29,0.53,0,,0,,18.66,0.01,,18.82,0.02,,19.64,0.04,,17.86,0.04,,16.7,0.07,,15.81,0.08,,0,Simbad,2415,10.92950047,7.86E-05,41.37565924,9.47E-05,20.31203148,0.032237233,20.69495003,0.096008807,22.20716655,0.215754541,20.0613006,0.093615836,,,0.379121922,2
,4039B,10.92962111,41.37571306,1.33,0.29,0.53,0,,0,,18.66,0.01,,18.82,0.02,,19.64,0.04,,17.86,0.04,,16.7,0.07,,15.81,0.08,,0,Simbad,2415,10.92948463,5.32E-05,41.37568744,3.78E-05,20.86601531,0.076941596,20.73367259,0.082710094,20.12093581,0.087194701,19.97381134,0.117486837,20.44572617,0.061918762,0.380062128,1
,2603A,10.930445,41.20445889,1.43,0.21,0.72,0,,0,,17.65,0.01,,17.86,0.01,,19.17,0.02,,19.19,0.17,>,18.73,0.1503876,>,17.73,0.15390909,,0,Simbad,1675,10.93034431,1.29E-04,41.20444524,1.03E-04,19.56359305,0.060608587,19.29544345,0.072386117,21.7718001,0.171632134,18.69208694,0.088246492,,,0.277108193,7
,2603B,10.930445,41.20445889,1.43,0.21,0.72,0,,0,,17.65,0.01,,17.86,0.01,,19.17,0.02,,19.19,0.17,>,18.73,0.1503876,>,17.73,0.15390909,,0,Simbad,1675,10.93039231,1.97E-05,41.20441621,4.46E-05,19.62185831,0.072304332,19.26979283,0.049656389,19.68752288,0.073972543,19.15602866,0.082928945,19.45368739,0.044158735,0.209695473,1
,1675A,10.93433306,41.18758611,1.1,0.27,0.82,0,,0,,19.44,0.12,,19.57,0.11,,20.56,0.15,>,20.04,0.13882075,>,18.9,0.1503876,>,18.29,0.15390909,,0,Simbad,1118,10.93430789,7.44E-05,41.1876018,6.66E-05,21.26697235,0.101007912,20.91334641,0.130446602,21.45048631,0.149582125,19.79606581,0.137786327,,,0.088534201,7
,1675B,10.93433306,41.18758611,1.1,0.27,0.82,0,,0,,19.44,0.12,,19.57,0.11,,20.56,0.15,>,20.04,0.13882075,>,18.9,0.1503876,>,18.29,0.15390909,,0,Simbad,1118,10.93433462,1.45E-05,41.18752728,2.79E-05,21.11411569,0.078616206,20.69094007,0.08131958,20.87552428,0.118749418,20.79379945,0.169023632,21.06997788,0.079234014,0.211847448,1
,3014A,10.93528111,41.14273889,1.5,0.29,0.67,0,,0,,19.23,0.03,,19.48,0.04,,20.72,0.13,>,20.02,0.13882075,>,18.76,0.1503876,>,17.82,0.15390909,,0,Simbad,1900,10.93533437,5.72E-05,41.14271985,4.32E-05,21.01884471,0.092291709,21.77842387,0.188515359,20.36293819,0.096757102,20.38987883,0.178202142,,,0.159831337,7
,3014B,10.93528111,41.14273889,1.5,0.29,0.67,0,,0,,19.23,0.03,,19.48,0.04,,20.72,0.13,>,20.02,0.13882075,>,18.76,0.1503876,>,17.82,0.15390909,,0,Simbad,1900,10.93535414,2.67E-05,41.14272044,5.97E-05,20.92915701,0.077335434,20.72248907,0.082343169,21.74229118,0.173066264,20.50951037,0.148836164,20.70946752,0.068547605,0.208836543,1
E,4226A,10.93841,41.20225389,2.54,0.73,0.47,0,,-0.02,,18.15,0.07,,18.12,0.04,,18.94,0.04,,18.83,0.29,>,19.09,0.1503876,>,18.01,0.15390909,,0,Simbad,2482,10.93828791,1.13E-04,41.20214556,1.10E-04,22.34906761,0.155878064,20.75692501,0.122378898,19.87196416,0.081328075,21.14021036,0.248889631,,,0.511335824,7
E,4226B,10.93841,41.20225389,2.54,0.73,0.47,0,,-0.02,,18.15,0.07,,18.12,0.04,,18.94,0.04,,18.83,0.29,>,19.09,0.1503876,>,18.01,0.15390909,,0,Simbad,2482,10.93835294,2.99E-05,41.20209497,6.58E-05,21.55961483,0.082628182,20.92179525,0.089213358,20.75746848,0.112981466,20.29737607,0.135452513,21.63723267,0.100565109,0.592620883,1
,16,10.93954111,41.14917,2.06,0.92,1,0,KHM31-494,-0.14,,20.12,0.09,,20.02,0.19,,19.66,0.04,,17.98,0.09,,16.86,0.1,,15.94,0.1,,0,Simbad,14,10.93974706,8.09E-05,41.14927867,9.73E-05,22.99927549,0.110198456,22.0495856,0.144185892,22.64249816,0.259175287,22.08611965,0.303808989,23.00868791,0.184444705,0.68170317,1
,2179A,10.94070806,41.40575611,1.57,0.36,0.76,0,,0,,19.41,0.04,,19.34,0.03,,19.66,0.05,,19.42,0.32,>,18.28,0.1503876,>,17.25,0.15390909,,0,Simbad,1429,10.9405537,6.66E-05,41.40571869,6.96E-05,21.51459621,0.044778913,21.99676565,0.165657585,21.05557765,0.129263608,21.06845398,0.147306037,,,0.43801632,2
,2179B,10.94070806,41.40575611,1.57,0.36,0.76,0,,0,,19.41,0.04,,19.34,0.03,,19.66,0.05,,19.42,0.32,>,18.28,0.1503876,>,17.25,0.15390909,,0,Simbad,1429,10.94061846,9.41E-05,41.40573132,8.30E-05,21.60008127,0.083068688,21.44929467,0.111154702,21.11443922,0.131508789,20.46410767,0.145856806,21.33763536,0.088547438,0.25785819,1
,2857,10.94426889,41.48634111,1.06,0.31,0.6,0,,-0.02,,20.33,0.18,,20.46,0.03,,20.67,0.06,,19.75,0.25,>,18.71,0.1503876,>,17.7,0.15390909,,0,Simbad,1821,10.94425444,6.34E-05,41.48633286,2.96E-05,22.48338046,0.063900152,22.97134047,0.255679556,22.15014814,0.210273203,22.26673586,0.254596707,,,0.048987394,2
,2932,10.94603389,41.48886194,1.14,0.44,0.68,0,,-0.08,,18.74,0.01,,19.01,0.01,,19.84,0.07,,18.6,0.14,,18.02,0.12,,17.3,0.17,,0,Simbad,1861,10.94604123,6.94E-05,41.48883626,1.41E-05,20.67424224,0.035041858,21.1955621,0.117582253,20.48041777,0.101044655,20.28354891,0.103374392,,,0.094563346,2
,2485A,10.94684694,41.19893,1.77,0.29,0.73,0,,0,,17.14,0.04,,17.2,0.03,,18.54,0.1,,18.3,0.2,>,18.26,0.1503876,>,17.46,0.15390909,,0,Simbad,1600,10.94681035,6.65E-05,41.19893158,7.06E-05,19.66722569,0.062011525,19.00228474,0.066551787,19.06680284,0.064014668,18.62469865,0.086055231,,,0.099294078,7
,2485B,10.94684694,41.19893,1.77,0.29,0.73,0,,0,,17.14,0.04,,17.2,0.03,,18.54,0.1,,18.3,0.2,>,18.26,0.1503876,>,17.46,0.15390909,,0,Simbad,1600,10.94686082,2.33E-05,41.19887726,4.71E-05,19.71252431,0.072498366,19.11209925,0.047521399,21.24507724,0.139145831,18.70700677,0.069207935,19.39854415,0.043445699,0.193537068,1
,2723A,10.94896889,41.16546,1.56,0.26,0.71,0,KHM31-496,0,,19.73,0.03,,19.76,0.02,,20.45,0.03,>,20.85,0.13882075,>,19.04,0.1503876,>,18.13,0.15390909,,0,Simbad,1742,10.94891446,5.23E-05,41.16544326,3.60E-05,21.55166201,0.112583254,22.06477646,0.213812085,21.48836384,0.152003136,21.69965589,0.320518158,,,0.159350162,7
,2723B,10.94896889,41.16546,1.56,0.26,0.71,0,KHM31-496,0,,19.73,0.03,,19.76,0.02,,20.45,0.03,>,20.85,0.13882075,>,19.04,0.1503876,>,18.13,0.15390909,,0,Simbad,1742,10.94892448,5.33E-05,41.16537732,6.71E-05,22.20122009,0.091520659,21.50063054,0.113615614,21.72276341,0.171575505,21.4889059,0.231412402,21.60054522,0.098995938,0.321056001,1
,5460,10.94995611,41.41140306,1.2,0.29,0.42,0,,0,,19.91,0.06,,19.96,0.05,,20.74,0.06,,19.78,0.33,,18.19,0.19,,17.15,0.17,,0,Simbad,2714,10.94984206,2.75E-05,41.4113972,8.07E-05,21.71156873,0.047875579,22.33023009,0.191892295,21.53769365,0.159822476,21.16353268,0.153809579,,,0.308646535,2
,3482,10.95105194,41.43000611,1.72,0.6,0.62,0,,-0.05,,19.56,0.05,,19.72,0.07,,20.4,0.09,,19.26,0.08,>,18.38,0.1503876,,17.5,0.37,,0,Simbad,2149,10.95103741,6.44E-05,41.42993117,2.77E-05,21.46634828,0.044073308,22.34223086,0.192916806,21.14715759,0.134535889,21.37569223,0.169404115,,,0.272637479,2
,445,10.95177111,41.44809889,2.85,0.59,0.94,0,B472-D064,0,,16.99,0.02,,16.17,0.01,,15.75,0.01,,14.21,0.01,,13.64,0.01,,12.96,0.01,,2,Simbad,330,10.95169572,4.87E-05,41.44808032,1.40E-05,19.84983848,0.029564228,20.00684187,0.074331778,19.31966173,0.064031278,18.67685804,0.051630332,,,0.21413564,2
,1292A,10.954195,41.21995694,1.44,0.22,0.86,0,,0,,19.24,0.03,,19.02,0.02,,19.41,0.01,,18.81,0.19,,18.44,0.1,,18.05,0.28,,0,Simbad,874,10.95410761,9.62E-05,41.2199704,1.10E-04,21.29987857,0.102256384,20.90503953,0.130001725,22.69527241,0.257939689,20.66721443,0.201440925,,,0.241553859,7
,1292B,10.954195,41.21995694,1.44,0.22,0.86,0,,0,,19.24,0.03,,19.02,0.02,,19.41,0.01,,18.81,0.19,,18.44,0.1,,18.05,0.28,,0,Simbad,874,10.9541431,4.47E-05,41.21991009,4.31E-05,21.544844,0.082470869,21.31238244,0.10488985,21.52154786,0.157000279,20.55165989,0.151660199,21.59896101,0.098928816,0.219537657,1
,367,10.95447,41.16075,1.75,0.55,0.95,0,KHM31-498,-0.03,,20.21,0.08,,20.17,0.07,,20.52,0.09,,20.02,0.22,,18.06,0.1,,17.08,0.09,,0,Simbad,275,10.95437998,2.54E-05,41.16063647,7.67E-05,22.81215579,0.104870345,22.20376676,0.154336192,22.98236967,0.302402376,21.54826062,0.23774065,22.40026077,0.140429474,0.475984714,1
,163A,10.95464,41.23769389,1.71,0.44,0.97,0,B104D-M2,-0.01,,18.97,0.02,,18.73,0.02,,18.78,0.02,,17.52,0.07,,16.87,0.08,,16.21,0.1,,1,Simbad,125,10.95457382,1.28E-04,41.23767533,1.20E-04,21.37786121,0.105306142,21.1055727,0.141282678,22.34490034,0.220638078,20.74762562,0.208775173,,,0.191211816,7
,163B,10.95464,41.23769389,1.71,0.44,0.97,0,B104D-M2,-0.01,,18.97,0.02,,18.73,0.02,,18.78,0.02,,17.52,0.07,,16.87,0.08,,16.21,0.1,,1,Simbad,125,10.95461049,3.48E-05,41.23762378,2.69E-05,21.42413225,0.081252256,20.4671061,0.074527643,21.21419071,0.137295968,20.61209921,0.155809552,20.77266438,0.070278868,0.264718725,1
,1286,10.96006111,41.61667111,1.36,0.26,0.86,1357,,0,,18.85,0.04,,19.02,0.03,,19.94,0.07,,19.54,0.1,,19.18,0.36,>,18.47,0.15390909,,0,Simbad,869,10.96001854,2.50E-05,41.61661369,2.47E-05,20.7437406,0.035663754,20.92011018,0.105025951,20.42861099,0.098876091,20.16792788,0.098169255,,,0.236335092,2
,4497,10.96121306,41.44855,1.28,0.33,0.51,0,,-0.01,,19.68,0.03,,19.74,0.03,,20.36,0.1,>,19.63,0.13882075,,18.26,0.06,>,17.28,0.15390909,,0,Simbad,2565,10.96111431,2.08E-04,41.44856077,1.48E-05,21.82554592,0.049834547,22.25086594,0.185262825,21.40495423,0.150691542,21.01426495,0.143726535,,,0.269251833,2
,3273,10.96315389,41.625825,1.27,0.4,0.63,1363,,-0.03,,20.97,0.09,,20.95,0.07,,21.49,0.07,>,20.06,0.13882075,>,19.34,0.1503876,>,18.41,0.15390909,,0,Simbad,2039,10.96303172,7.60E-05,41.62587138,6.62E-05,22.78242943,0.072108155,22.94691008,0.252878592,22.70769749,0.270707405,22.01503847,0.226869663,,,0.368722772,2
,3488,10.96442889,41.37863306,1.03,0.23,0.62,0,,0,,20.12,0.04,,20.11,0.01,,20.69,0.06,>,20.15,0.13882075,>,19.27,0.1503876,>,19.28,0.15390909,,0,Simbad,2152,10.96433881,7.02E-05,41.37859188,3.91E-05,22.11415432,0.090047647,21.7061497,0.124114913,21.89034248,0.184832064,21.5963211,0.242994641,22.69006474,0.159821602,0.28490879,1
,315,10.9666,41.63174694,1.51,0.44,0.95,1360,,-0.02,,20.01,0.06,,19.89,0.09,,19.98,0.04,,19.46,0.28,>,17.92,0.1503876,>,17.03,0.15390909,,0,Simbad,242,10.96658644,6.41E-05,41.63168229,2.63E-05,22.36476031,0.060982543,22.81235116,0.238015348,21.55628456,0.161148138,20.96366311,0.140464833,,,0.235588977,2
,742A,10.966655,41.26404806,1.63,0.5,0.91,0,B105D,-0.02,,18.9,0.04,,18.39,0.01,,18.79,0.02,,17.98,0.04,,17.05,0.02,,16.29,0.06,Cl,1,Simbad,528,10.9664955,1.64E-04,41.26399072,1.12E-04,22.3954187,0.15897306,21.28495163,0.152383644,22.39260821,0.225359012,20.00020492,0.150380243,,,0.478440635,7
,742B,10.966655,41.26404806,1.63,0.5,0.91,0,B105D,-0.02,,18.9,0.04,,18.39,0.01,,18.79,0.02,,17.98,0.04,,17.05,0.02,,16.29,0.06,Cl,1,Simbad,528,10.96666067,6.38E-05,41.26393378,3.66E-05,21.73833243,0.08468373,21.39461731,0.10860151,21.56905708,0.160315765,20.64535629,0.15814399,21.48739431,0.094331481,0.411660292,1
,4846,10.96997694,41.43491,1.17,0.34,0.48,0,,-0.02,,19.16,0.02,,19.35,0.02,,20.47,0.03,,20.12,0.29,,18.61,0.2,,17.57,0.15,,0,Simbad,2660,10.96986654,3.17E-05,41.43488125,3.06E-05,20.68761452,0.035159283,21.26753519,0.121163157,21.04588698,0.128719288,20.75568178,0.12784101,,,0.315442174,2
,1698A,10.97076306,41.17269194,1.65,0.34,0.81,0,,0,,17.58,0.01,,17.94,0.01,,19.33,0.04,,19.38,0.09,>,19.41,0.1503876,>,18.36,0.15390909,,0,Simbad,1135,10.97063325,3.57E-05,41.17267816,4.69E-05,19.29380807,0.057406355,18.85745621,0.064051353,18.93345489,0.061913695,20.28397068,0.170113359,,,0.355245187,7
,1698B,10.97076306,41.17269194,1.65,0.34,0.81,0,,0,,17.58,0.01,,17.94,0.01,,19.33,0.04,,19.38,0.09,>,19.41,0.1503876,>,18.36,0.15390909,,0,Simbad,1135,10.97062742,6.23E-05,41.17265585,6.12E-05,19.22023772,0.071611212,18.72442666,0.043124831,20.52260481,0.102475852,20.05339919,0.121649733,20.48701238,0.062895475,0.389851908,1
,701A,10.972445,41.28233111,2.09,0.7,0.92,0,,-0.04,,19.12,0.01,,18.79,0.03,,18.91,0.03,,18.49,0.23,>,18.12,0.1503876,>,17.26,0.15390909,,0,Simbad,501,10.97235964,1.65E-04,41.28232606,1.06E-04,21.50825958,0.110702022,20.83451134,0.126299668,20.63769287,0.107410216,19.6546469,0.129778541,,,0.231649772,7
,701B,10.972445,41.28233111,2.09,0.7,0.92,0,,-0.04,,19.12,0.01,,18.79,0.03,,18.91,0.03,,18.49,0.23,>,18.12,0.1503876,>,17.26,0.15390909,,0,Simbad,501,10.97244518,4.82E-05,41.28227086,7.74E-05,21.2880401,0.080012834,20.92169636,0.089209771,21.58891533,0.161724202,20.20992203,0.130317925,21.72635113,0.104496747,0.216901279,1
,2745,10.97253306,41.62676611,1.66,0.7,0.7,1369,,-0.11,,19.96,0.05,,19.81,0.04,,20.23,0.07,>,19.32,0.13882075,>,18.42,0.1503876,>,17.56,0.15390909,,0,Simbad,1756,10.97251738,1.64E-05,41.62672298,3.19E-05,21.81242774,0.049602568,21.9226785,0.160379115,21.87575059,0.185857268,20.96475123,0.140534163,,,0.160895211,2
,2594A,10.97606194,41.21585306,1.52,0.34,0.72,0,,0,,18.86,0.06,,19.01,0.06,,20.22,0.13,>,20.01,0.13882075,>,20.29,0.1503876,>,19.32,0.15390909,,0,Simbad,1667,10.97595419,6.89E-05,41.21584358,6.15E-05,20.94143418,0.08981198,20.45813453,0.108673805,21.23685297,0.136753035,20.64744289,0.199680218,,,0.293795024,7
,2594B,10.97606194,41.21585306,1.52,0.34,0.72,0,,0,,18.86,0.06,,19.01,0.06,,20.22,0.13,>,20.01,0.13882075,>,20.29,0.1503876,>,19.32,0.15390909,,0,Simbad,1667,10.97602724,2.17E-05,41.21578293,6.51E-05,21.10171568,0.078524053,20.66762971,0.080574111,22.50887862,0.243975881,20.48922893,0.147497327,20.63657918,0.066621304,0.269381945,1
,1006A,10.976275,41.236595,1.42,0.39,0.89,0,M003,-0.01,,18.59,0.01,,18.52,0.02,,18.99,0.03,,17.89,0.04,,17.03,0.11,,16.23,0.05,,2,Simbad,691,10.97615138,2.49E-05,41.23661192,1.01E-04,20.8372316,0.086643,20.56468212,0.113316729,20.84508152,0.116552555,19.73956478,0.134519249,,,0.340161579,7
,1006B,10.976275,41.236595,1.42,0.39,0.89,0,M003,-0.01,,18.59,0.01,,18.52,0.02,,18.99,0.03,,17.89,0.04,,17.03,0.11,,16.23,0.05,,2,Simbad,691,10.97618719,2.71E-05,41.23655183,3.00E-05,20.88677206,0.077068765,20.59374589,0.078270955,20.87131902,0.118538072,20.07944926,0.123047437,20.82706084,0.071815733,0.284025206,1
,186,10.97683,41.25392389,1.97,0.73,0.97,0,B106D,-0.07,,18.79,0.02,,18.45,0.03,,18.64,0.05,,17.62,0.11,,17.04,0.06,,16.35,0.09,,2,Simbad,142,10.97685146,5.02E-05,41.25384745,3.98E-05,21.44267242,0.081431871,21.27138529,0.103095576,21.29974604,0.142489084,20.48841209,0.147443675,21.98085894,0.116714249,0.281233621,1
,3050,10.97688306,41.617245,1.12,0.25,0.6,1336,,0,,19.75,0.03,,19.77,0.06,,20.3,0.06,,19.6,0.26,>,19.5,0.1503876,>,18.86,0.15390909,,0,Simbad,1925,10.97681798,2.79E-05,41.61718758,7.70E-05,21.62858381,0.046527624,21.58640425,0.138674388,21.52636377,0.159020319,20.95505857,0.139917835,,,0.270935696,2
,1727,10.97996111,41.42025111,1.21,0.26,0.81,0,,0,,19.57,0.03,,19.7,0.01,,20.64,0.05,>,20.46,0.13882075,>,19.21,0.1503876,>,18.27,0.15390909,,0,Simbad,1154,10.97991633,7.93E-05,41.42021799,5.45E-05,21.34476098,0.042382598,22.02480323,0.167705011,21.57118838,0.162219399,21.01803982,0.143972962,,,0.169812047,2
,207,10.98012389,41.25243389,1.63,0.47,0.96,0,,-0.02,,19.35,0.05,,19.13,0.02,,19.35,0.05,,18.31,0.16,>,17.01,0.1503876,>,17.19,0.15390909,,0,Simbad,160,10.97999952,8.87E-05,41.25238699,4.12E-05,21.66446189,0.117679841,21.39145205,0.159458477,21.42015402,0.14767602,20.77884316,0.211699007,,,0.376579887,7
,3360A,10.98193389,41.21928611,1.75,0.68,0.63,0,,-0.09,,17.87,0.01,,18.07,0.01,,19.38,0.11,,19.71,0.32,>,18.76,0.1503876,>,17.72,0.15390909,,0,Simbad,2081,10.98178645,7.14E-05,41.21927786,6.18E-05,20.05395354,0.068220119,19.91961962,0.088889053,19.62470862,0.075070304,20.46469462,0.184170069,,,0.400345341,7
,3360B,10.98193389,41.21928611,1.75,0.68,0.63,0,,-0.09,,17.87,0.01,,18.07,0.01,,19.38,0.11,,19.71,0.32,>,18.76,0.1503876,>,17.72,0.15390909,,0,Simbad,2081,10.98186153,4.71E-05,41.21921612,5.51E-05,20.23622791,0.073982471,19.73060644,0.057246681,21.69405216,0.169408803,19.40323377,0.091940289,19.93007952,0.051427381,0.319201483,1
,2075,10.98210611,41.31143806,1.48,0.57,0.76,0,,-0.08,,19.99,0.04,,20.01,0.04,,20.3,0.08,,18.67,0.15,,18.04,0.2,>,17.28,0.15390909,,0,Simbad,1375,10.98206078,1.98E-05,41.31132057,4.95E-05,22.24036693,0.09221417,22.63652476,0.187159196,22.00508827,0.194538659,22.03087922,0.296237626,22.39221627,0.139928363,0.44036964,1
,1936,10.982905,41.44267694,1.98,0.54,0.79,0,,-0.01,,17.96,0.02,,17.81,0.01,,18.85,0.05,,18.39,0.2,>,17.95,0.1503876,>,17.4,0.15390909,,0,Simbad,1295,10.98294674,3.81E-05,41.44259701,2.53E-05,20.15838836,0.031246808,20.32716628,0.083411516,20.05642188,0.084864553,19.51125454,0.073486687,,,0.309037683,2
,1148A,10.98348889,41.22841194,1.52,0.21,0.87,0,,0,,17.59,0.02,,17.79,0.02,,19.02,0.04,,19.03,0.3,>,17.99,0.1503876,>,17.08,0.15390909,,0,Simbad,782,10.98346571,3.32E-05,41.22839287,7.07E-05,19.59989271,0.061088447,19.35833057,0.073783657,19.23495938,0.066942883,18.96260878,0.097893848,,,0.093013966,7
,1148B,10.98348889,41.22841194,1.52,0.21,0.87,0,,0,,17.59,0.02,,17.79,0.02,,19.02,0.04,,19.03,0.3,>,17.99,0.1503876,>,17.08,0.15390909,,0,Simbad,782,10.98351864,1.41E-05,41.22834194,5.32E-05,19.735597,0.072550297,19.39259026,0.051473603,21.0138817,0.125954554,18.97866374,0.077125628,19.52911924,0.045174614,0.264584184,1
,1502,10.98413306,41.25306,1.56,0.46,0.84,0,,-0.02,>,20.53,0.044584837,>,20.73,0.038844764,,20.8,0.2,>,20.9,0.13882075,>,19.25,0.1503876,>,17.57,0.15390909,,0,Simbad,1018,10.98400511,1.34E-04,41.25293605,7.76E-05,22.81609137,0.104975776,21.85072115,0.132158731,22.90644143,0.292141706,22.23796603,0.325649546,22.48469373,0.145806478,0.564835151,1
,3941,10.98666806,41.62041111,1.37,0.34,0.57,1345,,0,,18.73,0.02,,19.01,0.02,,20.19,0.06,,19.85,0.28,>,18.18,0.1503876,>,17.23,0.15390909,,0,Simbad,2374,10.98653912,2.99E-05,41.62028683,3.56E-05,20.29326049,0.032110308,20.7356075,0.097559414,19.74567021,0.075065608,20.01563111,0.091735162,,,0.566209489,2
,3729,10.98719389,41.26419306,1.13,0.25,0.55,0,,0,,18.74,0.01,,18.97,0.03,,20.28,0.08,,20.19,0.36,>,19.19,0.1503876,>,18.27,0.15390909,,0,Simbad,2268,10.98706128,7.84E-05,41.26415786,7.73E-05,20.6305214,0.080898929,20.37936026,0.105406065,22.03877381,0.192782335,21.68904576,0.318977843,,,0.380542665,7
E,2481A,10.98991611,41.29317389,2.37,0.2,0.73,0,,0,,15.93,0.05,,16.3,0.05,,17.89,0.05,,18.22,0.07,>,17.9,0.1503876,>,16.97,0.15390909,,0,Simbad,1597,10.98981601,1.33E-04,41.29319852,8.98E-05,18.09224125,0.048976882,17.90615252,0.052601658,19.31799531,0.068511093,17.60057195,0.061345007,,,0.284913864,7
E,2481B,10.98991611,41.29317389,2.37,0.2,0.73,0,,0,,15.93,0.05,,16.3,0.05,,17.89,0.05,,18.22,0.07,>,17.9,0.1503876,>,16.97,0.15390909,,0,Simbad,1597,10.98988235,1.95E-05,41.29316915,4.20E-05,18.06450252,0.070584518,17.85348084,0.036707332,17.77626392,0.043306687,17.7622798,0.049208256,18.20737333,0.032997619,0.092892092,1
,3055,10.99002306,41.44485889,1.46,0.33,0.59,0,,0,,19.25,0.02,,19.39,0.04,,20.62,0.22,>,19.84,0.13882075,>,17.33,0.1503876,>,16.42,0.15390909,,0,Simbad,1928,10.98992976,8.32E-05,41.4448866,3.36E-05,20.89214329,0.037091397,21.29747325,0.122691311,20.91870274,0.121808296,20.52155612,0.115028674,,,0.270809675,2
,547A,10.99059806,41.18833694,1.44,0.53,0.91,0,,-0.07,,19.75,0.01,,19.8,0.02,,20.39,0.05,>,19.48,0.13882075,,19.23,0.29,>,18.01,0.15390909,,0,Simbad,400,10.99081181,2.99E-05,41.18831876,5.19E-05,22.03070324,0.136454386,22.5172022,0.261553738,21.32415225,0.141830036,21.42559556,0.283082666,,,0.582788613,7
,547B,10.99059806,41.18833694,1.44,0.53,0.91,0,,-0.07,,19.75,0.01,,19.8,0.02,,20.39,0.05,>,19.48,0.13882075,,19.23,0.29,>,18.01,0.15390909,,0,Simbad,400,10.99069851,1.81E-04,41.18829125,8.84E-05,21.88852992,0.086645988,20.75012584,0.083253834,21.24078354,0.138887001,20.80999265,0.170257279,22.09186639,0.122533808,0.318011382,1
,91A,10.990885,41.231335,2.21,0.63,0.98,0,M004,-0.02,,16.41,0.03,,16.54,0.01,,17.66,0.01,,17.32,0.03,,17.25,0.23,,16.73,0.03,Cl,1,Simbad,68,10.99064363,3.61E-05,41.23128625,6.14E-05,20.36031036,0.074388204,19.75159593,0.083836209,19.84520706,0.080605671,19.45104007,0.119200947,,,0.676630096,7
,91B,10.990885,41.231335,2.21,0.63,0.98,0,M004,-0.02,,16.41,0.03,,16.54,0.01,,17.66,0.01,,17.32,0.03,,17.25,0.23,,16.73,0.03,Cl,1,Simbad,68,10.99067716,3.83E-05,41.23123504,5.92E-05,20.43040961,0.074730594,19.88189951,0.06023274,20.30346878,0.093745645,19.34622699,0.089761756,20.1309865,0.05515801,0.667928917,1
,626,10.99239694,41.41064611,3.22,0.79,0.92,0,B205-G256,0,,17.61,0.02,,16.52,0.02,,16.04,0.01,,14.44,0.02,,13.87,0.03,,13.15,0.04,,2,Simbad,448,10.99222572,1.18E-04,41.41062212,3.14E-05,21.93884821,0.051911018,22.0799078,0.171810598,20.62433296,0.107372243,19.6578116,0.078340293,,,0.470297277,2
E,2511A,10.99326694,41.228345,2.36,0.88,0.69,0,,-0.07,,16.9,0.02,,17.11,0.03,,18.41,0.05,,18.33,0.11,>,17.66,0.1503876,>,17.24,0.15390909,,0,Simbad,1615,10.99294221,3.82E-05,41.22835445,6.04E-05,20.96108167,0.09043104,21.2863022,0.152471046,20.72945984,0.11133256,20.23764366,0.166703147,,,0.879872318,7
E,2511B,10.99326694,41.228345,2.36,0.88,0.69,0,,-0.07,,16.9,0.02,,17.11,0.03,,18.41,0.05,,18.33,0.11,>,17.66,0.1503876,>,17.24,0.15390909,,0,Simbad,1615,10.99298538,2.78E-05,41.22830669,6.88E-05,21.4590697,0.081592964,21.10296982,0.096100436,21.57812212,0.160957032,21.49981588,0.23256249,21.42966237,0.092050472,0.774709138,1
,1137,10.99425111,41.50505111,3.15,0.79,0.87,0,B206-G257,0,,17,0.04,,16.08,0.01,,15.64,0.01,,14.08,0.01,,13.5,0.01,,12.81,0.01,,2,Simbad,777,10.99417983,6.82E-05,41.50502219,2.08E-05,20.60461945,0.034447281,20.58732241,0.09206156,19.68862198,0.073435497,18.77177916,0.053681565,,,0.218574697,2
,1446,11.00169611,41.45473,1.35,0.32,0.84,0,,0,,19.14,0.02,,19.16,0.02,,19.57,0.02,,19.54,0.18,>,19.16,0.1503876,>,17.59,0.15390909,,0,Simbad,982,11.00162094,2.93E-05,41.4547165,1.23E-05,21.02973537,0.038543719,21.35654488,0.125774696,20.77147609,0.114326758,20.53315569,0.115630788,,,0.208574852,2
,563A,11.00177806,41.27368611,1.46,0.35,0.93,0,,0,,18.5,0.03,,18.57,0.03,,19.26,0.06,,18.62,0.16,,18.24,0.22,>,17.43,0.15390909,,0,Simbad,409,11.00169927,7.42E-05,41.27368057,8.14E-05,20.71852398,0.083259061,20.0532726,0.093266626,20.64381842,0.107666126,19.75995654,0.135687815,,,0.214093267,7
,563B,11.00177806,41.27368611,1.46,0.35,0.93,0,,0,,18.5,0.03,,18.57,0.03,,19.26,0.06,,18.62,0.16,,18.24,0.22,>,17.43,0.15390909,,0,Simbad,409,11.00176622,4.90E-05,41.273642,6.02E-05,20.51989714,0.075120083,20.49296652,0.075271586,21.98815356,0.193072639,19.81353235,0.1095755,20.30135285,0.058671152,0.161994427,1
,1775,11.00591111,41.45343111,1.38,0.34,0.75,0,,0,,19.85,0.04,,19.97,0.02,,20.8,0.12,>,19.99,0.13882075,>,18.62,0.1503876,>,17.52,0.15390909,,0,Simbad,1184,11.00576779,1.59E-04,41.4534277,2.17E-05,21.49075496,0.044427727,22.41831932,0.199550761,21.21312569,0.138481047,21.481838,0.177803667,,,0.386907207,2
,287A,11.00801,41.25001306,2.16,0.86,0.95,0,SK155B,-0.09,,19.24,0.32,,18.97,0.15,,19.25,0.11,,18.12,0.1,,17.72,0.21,,17.02,0.28,Cl,1,Simbad,220,11.00795641,7.24E-05,41.25003004,7.30E-05,22.44929827,0.162661347,21.35245518,0.156824552,21.52208163,0.154196919,20.86687301,0.2201813,,,0.157419684,7
,287B,11.00801,41.25001306,2.16,0.86,0.95,0,SK155B,-0.09,,19.24,0.32,,18.97,0.15,,19.25,0.11,,18.12,0.1,,17.72,0.21,,17.02,0.28,Cl,1,Simbad,220,11.00797675,3.24E-05,41.25000686,5.46E-05,22.085887,0.089589382,21.45116315,0.11124318,21.91929834,0.187231812,22.78470823,0.418330517,21.51756037,0.095549611,0.092730866,1
,452,11.00822806,41.65095306,2.18,0.43,0.94,1286,KHM31-191,0,,18.87,0.05,,18.73,0.04,,18.97,0.05,,18.68,0.14,>,18.66,0.1503876,>,17.65,0.15390909,,0,Simbad,337,11.0081748,3.19E-05,41.65091182,3.00E-05,21.49651184,0.044512074,22.23823311,0.184230598,21.15192047,0.134816537,20.24827775,0.101756172,,,0.206304604,2
,1321A,11.01078389,41.231725,1.61,0.24,0.85,0,,0,,18.82,0.04,,18.56,0.04,,18.81,0.03,,18.08,0.01,,18.02,0.17,>,17.71,0.15390909,,0,Simbad,894,11.01074334,1.85E-05,41.2317007,4.89E-05,21.48191399,0.109581173,21.1591831,0.144496769,21.47972641,0.151447041,19.76947714,0.136237466,,,0.140362499,7
,1321B,11.01078389,41.231725,1.61,0.24,0.85,0,,0,,18.82,0.04,,18.56,0.04,,18.81,0.03,,18.08,0.01,,18.02,0.17,>,17.71,0.15390909,,0,Simbad,894,11.01074392,1.00E-04,41.23168473,7.95E-05,21.60485934,0.083121636,21.26095223,0.102644811,22.68183546,0.26383427,19.92028078,0.11477577,21.25498878,0.085536175,0.18090813,1
,93A,11.01145194,41.24017611,2.18,0.64,0.98,0,B210-M11,-0.02,,18.39,0.02,,18.14,0.01,,18.12,0.01,,17.04,0.05,,16.49,0.09,,15.94,0.18,,2,Simbad,69,11.01140271,3.85E-05,41.24016118,4.31E-05,20.68867286,0.082444626,20.39497365,0.106042871,21.23806646,0.136822088,20.49688642,0.186804686,,,0.14372051,7
,93B,11.01145194,41.24017611,2.18,0.64,0.98,0,B210-M11,-0.02,,18.39,0.02,,18.14,0.01,,18.12,0.01,,17.04,0.05,,16.49,0.09,,15.94,0.18,,2,Simbad,69,11.01141195,9.20E-05,41.24014028,7.74E-05,20.82665075,0.076706447,20.5623279,0.077318561,21.23644038,0.138625741,20.10067423,0.124199307,20.89177827,0.073701942,0.168388948,1
,2614,11.01461889,41.641255,1.45,0.33,0.7,1273,,0,,17.91,0.03,,18.19,0.01,,19.38,0.05,,19.13,0.2,,18.5,0.28,,17.77,0.33,,0,Simbad,1681,11.01455444,4.37E-05,41.64118678,3.30E-05,19.60047154,0.02846333,19.96274003,0.073205724,19.41763066,0.0663449,19.23816233,0.065317111,,,0.300622937,2
,514,11.01484306,41.63188694,1.47,0.42,0.93,1263,,-0.01,,20,0.19,,19.67,0.06,,19.89,0.03,,19.52,0.19,>,18.91,0.1503876,>,17.99,0.15390909,,0,Simbad,377,11.01483129,7.74E-05,41.63185404,6.12E-05,22.11653885,0.055442342,21.62310626,0.140873337,21.64326868,0.16750906,21.43095854,0.173725699,,,0.122618865,2
,27A,11.016225,41.27621806,2.25,0.62,0.99,0,,-0.01,,17.33,0.07,,17.5,0.04,,18.14,0.05,,16.96,0.06,,16.18,0.05,,15.43,0.06,,0,Simbad,22,11.01610882,7.18E-05,41.27613755,3.37E-05,19.45464465,0.059240254,19.38042914,0.074287735,19.2343588,0.066931843,18.76354067,0.090659662,,,0.427562619,7
,27B,11.016225,41.27621806,2.25,0.62,0.99,0,,-0.01,,17.33,0.07,,17.5,0.04,,18.14,0.05,,16.96,0.06,,16.18,0.05,,15.43,0.06,,0,Simbad,22,11.01617371,3.16E-05,41.27607684,5.98E-05,19.68272156,0.072432847,19.3137732,0.050291162,19.30543898,0.064679241,19.11222454,0.08144638,19.61271072,0.046356884,0.526960366,1
,425,11.01645,41.43853194,1.8,0.47,0.94,0,B214-G265,-0.01,,19.08,0.02,,18.45,0.01,,18.23,0.02,,16.72,0.04,,16.19,0.09,,15.51,0.12,,2,Simbad,314,11.01648731,6.94E-05,41.43849209,6.49E-05,21.40619562,0.043221469,22.07837798,0.171695141,21.5113069,0.15796098,20.50972648,0.114417996,,,0.175290245,2
,2577,11.01856889,41.65543306,2.09,0.78,0.72,1283,,-0.07,,19.25,0.14,,19.39,0.15,,19.96,0.13,,18.91,0.36,,17.75,0.35,,16.81,0.34,,0,Simbad,1655,11.01848585,8.12E-05,41.65539501,1.11E-04,21.26768185,0.04137328,21.79511328,0.151723425,22.00768131,0.197202906,20.98142418,0.141600903,,,0.261997263,2
,391,11.01924889,41.325495,1.6,0.4,0.95,0,,0,,19.8,0.1,,19.57,0.08,,19.74,0.09,,19.69,0.07,>,18.62,0.1503876,>,17.56,0.15390909,,0,Simbad,290,11.01914551,9.41E-05,41.32533031,1.05E-04,21.9302594,0.130947821,21.9402485,0.202381747,21.27022701,0.138667638,20.84004308,0.217558396,,,0.655442222,7
,2033,11.01998,41.642105,1.52,0.49,0.74,1272,KHM31-193,-0.04,,19.97,0.02,,19.7,0.02,,19.67,0.01,,18.99,0.12,,18.35,0.14,,17.77,0.19,,0,Simbad,1352,11.0199513,7.89E-05,41.64215222,5.61E-05,22.19257906,0.057061595,22.34927929,0.193521275,21.34437353,0.146713175,21.46075665,0.176102291,,,0.186717646,2
,187,11.02033389,41.65155306,2.68,0.81,0.96,1278,B111D-D065,-0.02,,18.41,0.05,,18.21,0.05,,18.34,0.04,,17.87,0.17,,17.41,0.28,>,16.74,0.15390909,,2,Simbad,143,11.02035855,1.48E-04,41.65154388,7.89E-05,21.70166353,0.047711278,21.00314188,0.108626354,20.95666649,0.12382653,20.29480462,0.103896513,,,0.074103783,2
,4025,11.02109,41.46593,1.63,0.6,0.56,0,,-0.07,,19.13,0.04,,19.32,0.05,,20.11,0.07,,19.63,0.32,>,18.21,0.1503876,,17.94,0.19,,0,Simbad,2410,11.02094736,7.21E-05,41.46595312,3.44E-05,20.84371545,0.036610167,21.03948539,0.110251266,20.98471096,0.125341621,20.45897554,0.111836384,,,0.393702333,2
,1995,11.02351194,41.64975194,1.54,0.57,0.78,1282,KHM31-195,-0.07,,18.2,0.07,,18.41,0.07,,19.51,0.07,>,19.6,0.13882075,>,18.74,0.1503876,>,17.78,0.15390909,,0,Simbad,1327,11.02347188,5.46E-05,41.64974192,2.39E-05,19.92275207,0.029927705,20.31450471,0.083020994,19.49957499,0.068379196,19.2019196,0.064312922,,,0.113658721,2
,1118,11.02516806,41.649825,1.3,0.21,0.87,1281,KHM31-196,0,,18.47,0.05,,18.67,0.04,,19.6,0.01,>,19.36,0.13882075,>,19.23,0.1503876,>,19.28,0.15390909,,0,Simbad,764,11.02508325,6.38E-05,41.64980611,4.24E-05,20.08718567,0.030823818,20.43352409,0.086801112,20.10258172,0.0864607,19.61114371,0.076757217,,,0.23803918,2
,3166,11.02517389,41.24723,1.5,0.42,0.63,0,,-0.01,,19.16,0.03,,19.27,0.04,,20.11,0.05,,18.9,0.04,,18.21,0.19,,17.49,0.26,,0,Simbad,1984,11.0251295,3.38E-05,41.24714247,1.53E-05,21.10441421,0.095162249,20.94190974,0.131990759,21.29753577,0.140258418,21.24200079,0.26056281,,,0.337240978,7
,122,11.02544694,41.21956306,1.34,0.28,0.98,0,,0,,18.33,0.01,,18.44,0.01,,19.46,0.02,,18.86,0.02,,18.57,0.12,,18.05,0.14,,0,Simbad,91,11.02540355,5.68E-05,41.21956208,3.03E-05,20.37110923,0.074628201,19.85013658,0.086740474,19.99158457,0.084699304,19.38273568,0.115889445,,,0.1175541,7
,1360,11.02555,41.65090611,1.5,0.35,0.85,1280,,0,,18.94,0.14,,19.09,0.12,,19.84,0.12,,18.43,0.09,,17.96,0.28,,17.22,0.35,,0,Simbad,918,11.025474,6.90E-05,41.65076546,7.48E-05,20.47079846,0.033380683,21.02218674,0.109474071,20.36770281,0.096397827,20.73041339,0.126389424,,,0.546044188,2
,4399,11.02787694,41.27898194,0.99,0.33,0.52,0,,-0.04,,20.54,0.06,,20.62,0.04,,21.39,0.12,>,20.28,0.13882075,>,18.72,0.1503876,>,17.78,0.15390909,,0,Simbad,2544,11.02781415,8.72E-05,41.27893262,1.09E-04,22.60301388,0.173739345,22.06398311,0.213737083,22.09472605,0.197572377,21.54231035,0.298440629,,,0.245752179,7
E,2143,11.02864,41.67438611,1.99,0.67,0.62,1205,B240D-D066,-0.04,,16.28,0.01,,16.67,0.01,,18.13,0.01,,18.41,0.14,,18.89,0.35,,18.9,0.21,,2,Simbad,1412,11.02848619,6.33E-05,41.67438607,4.82E-05,18.06363116,0.024956256,18.53577691,0.049277029,17.74622212,0.040688371,17.74487154,0.036102541,,,0.4135987,2
,1652,11.02907111,41.33810306,1.25,0.15,0.76,0,,0,,18.21,0.01,,18.35,0.01,,19.47,0.03,,19.77,0.26,>,18.9,0.1503876,>,18.63,0.15390909,,0,Simbad,1106,11.0289823,1.65E-04,41.3380562,6.98E-05,20.44170435,0.07623736,20.09675872,0.094762878,22.45448658,0.231644376,19.54506644,0.123951161,,,0.293385802,7
,3277,11.02922306,41.65508194,2.31,0.94,0.64,1289,,-0.1,,19.05,0.2,,19.2,0.24,,19.64,0.13,,18.49,0.14,,17.87,0.23,,17.1,0.24,,0,Simbad,2041,11.02915863,9.60E-05,41.65494506,8.23E-05,20.92383768,0.03741464,21.15431416,0.115587959,20.47858441,0.100966946,20.15288681,0.097512871,,,0.522347653,2
,1355,11.03071694,41.23842694,1.77,0.59,0.85,0,,-0.04,,19.47,0.05,,19.54,0.08,,20.24,0.11,>,19.28,0.13882075,>,17.94,0.1503876,>,16.97,0.15390909,,0,Simbad,915,11.03070717,1.56E-04,41.23840127,4.47E-05,21.75157503,0.121828071,21.14813045,0.143827046,21.52036407,0.154084281,22.39509887,0.440043866,,,0.096157303,7
,4890,11.03146,41.65991389,1.09,0.25,0.45,1218,,0,,19.89,0.05,,20.06,0.02,,20.92,0.05,>,21.19,0.13882075,>,19.63,0.1503876,>,18.62,0.15390909,,0,Simbad,2665,11.03135513,6.59E-05,41.65981807,6.15E-05,21.82820166,0.04988172,21.748294,0.148679072,22.20614354,0.215654898,21.17199505,0.154402522,,,0.445594544,2
,1002,11.03673,41.67259306,1.39,0.33,0.88,1203,,0,,18.86,0.01,,18.96,0.02,,19.83,0.05,,19.89,0.07,>,19.13,0.1503876,>,17.93,0.15390909,,0,Simbad,688,11.03671112,1.16E-04,41.67248207,6.61E-05,20.67042599,0.035008539,21.11826875,0.113879027,20.30595472,0.093962067,20.25354834,0.101996268,,,0.402765871,2
,4767,11.03790111,41.53466,1.4,0.28,0.49,0,,0,,17.69,0.02,,18.03,0.03,,19.44,0.05,,18.97,0.2,>,17.94,0.1503876,,17.35,0.12,,0,Simbad,2639,11.03778366,3.82E-05,41.53463304,3.21E-06,18.93786853,0.026403373,19.19861874,0.057741725,19.05959257,0.058477256,19.00295482,0.059110258,,,0.331043132,2
E,4307,11.03957306,41.56637306,1.52,0.28,0.52,0,SK158B,0,,17.73,0.01,,17.97,0.02,,19.18,0.01,,18.81,0.15,,18.16,0.09,,17.43,0.12,Cl,1,Simbad,2516,11.03954677,3.59E-05,41.56633405,3.52E-05,19.91356369,0.029880795,20.0648502,0.07585689,19.44914716,0.067116424,19.14099305,0.062664826,,,0.157262274,2
,2004,11.04151611,41.33190694,1.79,0.71,0.64,0,,-0.09,,17.07,0.01,,17.4,0.01,,18.84,0.03,,18.91,0.21,>,18.18,0.1503876,>,17.12,0.15390909,,0,Simbad,1332,11.04136696,1.27E-04,41.33183167,4.76E-05,19.10617994,0.055523565,18.69713225,0.061550081,20.46789931,0.100640891,18.71766424,0.089099548,,,0.485793444,7
,1386,11.04354389,41.25271111,1.54,0.36,0.65,0,,0,,18.92,0.06,,19.21,0.08,,20.26,0.08,>,19.71,0.13882075,>,18.36,0.1503876,>,17.26,0.15390909,,0,Simbad,936,11.04340113,2.48E-05,41.25275108,2.80E-05,20.51063217,0.077877441,20.26432143,0.10087533,19.95202857,0.083558484,19.93042868,0.145932464,,,0.41229784,7
E,1412,11.04514306,41.53426306,2.73,0.81,0.84,0,SK160B,-0.02,,15.44,0.01,,15.66,0.01,,17.1,0.01,,17.11,0.09,,17.01,0.17,>,16.21,0.15390909,Cl,1,Simbad,954,11.04517011,5.72E-05,41.53425477,1.18E-05,17.73390036,0.024638992,17.99646881,0.044796462,17.33970179,0.037700635,17.14419012,0.029623551,,,0.078779011,2
,1442,11.0455,41.41310306,1.63,0.63,0.82,0,,-0.08,,19.7,0.02,,19.67,0.03,,20.14,0.03,,18.58,0.13,,17.42,0.04,,16.52,0.02,,0,Simbad,979,11.04542437,8.33E-05,41.41306125,4.16E-05,21.80191162,0.049417842,21.97653214,0.164197181,21.31584709,0.144879493,21.12684536,0.151265861,,,0.25366605,2
,412,11.04637194,41.61643,2.29,0.72,0.94,1238,,-0.03,,19.52,0.05,,19.36,0.02,,19.56,0.01,,18.89,0.2,>,18.47,0.1503876,>,17.58,0.15390909,,0,Simbad,304,11.04642908,2.17E-04,41.61637799,1.14E-04,21.98548176,0.052804556,22.67019544,0.22330441,21.76607865,0.176949539,20.60835078,0.119614795,,,0.24230371,2
,2324,11.04728194,41.57261806,1.4,0.27,0.75,0,,0,,18.64,0.02,,18.67,0.02,,19.63,0.02,,19.28,0.18,>,18.33,0.1503876,>,17.26,0.15390909,,0,Simbad,1502,11.04723868,5.01E-05,41.57263086,3.98E-05,21.16647633,0.040118388,21.35193419,0.125530736,20.98514313,0.125365131,19.86142008,0.08567945,,,0.125300748,2
,834,11.04877389,41.39835806,1.67,0.4,0.9,0,M019,0,,19.78,0.05,,19.14,0.01,,18.97,0.02,,17.56,0.1,,16.68,0.21,,15.94,0.27,Cl,2,Simbad,589,11.04875743,7.92E-05,41.39832344,4.53E-05,22.67814683,0.069100985,22.16897157,0.178680962,22.07819621,0.203562638,21.1018696,0.149558908,,,0.132306611,2
,5277,11.052545,41.56079694,1.52,0.43,0.44,0,,-0.01,,19.18,0.02,,19.46,0.02,,20.7,0.1,>,20.52,0.13882075,>,19.28,0.1503876,>,17.78,0.15390909,,0,Simbad,2703,11.05242715,3.61E-05,41.56073528,5.37E-05,20.63322121,0.03468816,21.28322026,0.121960917,20.26641315,0.092441895,20.24910373,0.101793759,,,0.387387377,2
,1263,11.05809889,41.37192306,1.63,0.3,0.86,0,M020,0,,17.5,0.01,,17.7,0.01,,18.77,0.01,,18.55,0.08,,17.89,0.22,,17.28,0.25,,2,Simbad,855,11.05802465,7.64E-05,41.37182763,4.36E-05,19.39542184,0.027705247,19.71004561,0.067282599,19.22541591,0.061922656,18.85622661,0.055591627,,,0.397789893,2
,881,11.059675,41.32206889,3.8,0.69,0.9,0,B218-G272,0,,16.9,0.02,,15.89,0.01,,15.37,0.01,,13.74,0.01,,13.05,0.01,,12.31,0.01,,2,Simbad,615,11.05962593,1.02E-04,41.32201756,2.22E-05,20.00767977,0.067389929,20.01926385,0.092121432,19.44962599,0.071173245,18.71804077,0.089112195,,,0.227471161,7
,1790,11.06098389,41.29458611,1.35,0.54,0.8,0,,-0.09,,18.36,0.02,,18.65,0.03,,20.09,0.08,>,20.18,0.13882075,>,19.04,0.1503876,>,18.55,0.15390909,,0,Simbad,1194,11.06080019,8.17E-05,41.29454732,1.14E-05,19.77650184,0.063604411,19.85952149,0.087025735,19.69635319,0.076789263,19.71918572,0.133363187,,,0.516122199,7
,3075,11.06835611,41.31569389,1.25,0.28,0.66,0,,0,,19.59,0.04,,19.54,0.12,,20.29,0.1,,19.33,0.17,>,18.46,0.1503876,>,17.27,0.15390909,,0,Simbad,1934,11.06827539,4.87E-05,41.31564666,5.70E-05,21.88434383,0.128523451,21.69654959,0.181902365,21.39173699,0.145916241,20.52621005,0.189240225,,,0.27667953,7
,4105,11.0717,41.31039111,1.35,0.36,0.55,0,,-0.01,,19.97,0.04,,20.03,0.05,,20.78,0.07,>,20.11,0.13882075,>,18.77,0.1503876,>,17.95,0.15390909,,0,Simbad,2436,11.07157818,1.02E-04,41.31036353,1.09E-05,21.9748364,0.133356788,21.47793221,0.165483342,22.8530397,0.276867375,20.71959054,0.206186161,,,0.344043931,7
,2893,11.07254111,41.36212,1.33,0.38,0.64,0,,-0.02,,19.18,0.07,,19.4,0.07,,20.62,0.16,>,19.19,0.13882075,>,18.07,0.1503876,>,17.02,0.15390909,,0,Simbad,1842,11.07241194,1.50E-04,41.36203923,3.12E-05,20.61027214,0.080373166,20.57573323,0.113813391,22.14087177,0.201621243,21.14341851,0.249249061,,,0.454275569,7
,447,11.07606194,41.33496194,1.8,0.45,0.94,0,,0,,17.65,0.01,,17.64,0.01,,18.32,0.01,,16.9,0.02,,15.96,0.02,,15.15,0.05,,0,Simbad,332,11.07597954,9.39E-05,41.33493288,2.17E-05,19.70349887,0.062527017,19.47863611,0.076611863,19.84218066,0.080524676,19.06442107,0.101900364,,,0.246099218,7
,2655,11.08086611,41.57963611,2.3,0.75,0.71,582,,-0.04,,17.39,0.03,,17.35,0.01,,18.23,0.03,,17.96,0.14,>,17.9,0.1503876,>,16.78,0.15390909,,0,Simbad,1707,11.08084383,4.21E-05,41.5796557,3.24E-05,20.26485016,0.031921404,19.91437965,0.07200342,19.7676785,0.075707904,19.04103345,0.060066512,,,0.09258047,2
,433,11.08421389,41.39348611,1.32,0.29,0.94,0,,0,,19.21,0.03,,19.26,0.03,,20.19,0.06,,20.18,0.34,>,18.87,0.1503876,>,17.97,0.15390909,,0,Simbad,320,11.08414911,9.43E-05,41.39342077,2.67E-05,21.05297589,0.038801878,21.50403164,0.133881725,20.62407968,0.107360704,20.77147102,0.128756822,,,0.293159011,2
,1088,11.08553611,41.58400694,1.38,0.36,0.88,576,,-0.01,,18.92,0.04,,18.92,0.02,,19.69,0.02,,19.23,0.14,>,19.08,0.1503876,>,18.12,0.15390909,,0,Simbad,743,11.08542259,2.07E-05,41.5840372,3.27E-05,21.06275161,0.038911609,21.69630766,0.14537936,20.65625262,0.108838165,20.44091157,0.110932307,,,0.324513241,2
,1218,11.08925611,41.55870611,1.54,0.52,0.86,0,,-0.04,,20.35,0.05,,20.27,0.04,,20.83,0.1,>,19.48,0.13882075,>,18.11,0.1503876,>,17.17,0.15390909,,0,Simbad,829,11.08922402,1.00E-04,41.55869635,7.37E-05,22.35911491,0.060848192,22.25288587,0.185428452,22.39705817,0.235103635,21.50624108,0.17979406,,,0.093316483,2
,2871,11.10237389,41.39087306,1.15,0.15,0.65,0,,0,,18.49,0.01,,18.73,0.01,,19.83,0.02,>,20.07,0.13882075,>,18.56,0.1503876,>,17.47,0.15390909,,0,Simbad,1831,11.1023076,6.89E-05,41.39084156,3.73E-05,20.19838299,0.031494183,20.67483648,0.095253923,20.30271753,0.093836462,19.94861134,0.089048424,,,0.211914665,2
,403,11.10466194,41.34710806,2.65,0.81,0.71,0,SK166B-hodge10_45,-0.02,,15.26,0.09,,15.28,0.1,,16.33,0.09,,15.77,0.11,,15.56,0.15,,15.52,0.25,,1,Simbad,297,11.10459133,8.31E-05,41.34703599,1.49E-05,17.51490357,0.047074781,16.85027791,0.046630306,17.32526382,0.047634311,16.76472236,0.05016249,,,0.322056697,7
,2979,11.10551,41.40342389,1.63,0.22,0.67,0,,0,,20.2,0.08,,19.73,0.04,,19.67,0.02,,18.85,0.21,>,18.18,0.1503876,>,17.23,0.15390909,,0,Simbad,1881,11.10558076,2.59E-04,41.40336156,6.06E-05,22.87946172,0.075053732,22.67473833,0.223759407,22.70006712,0.269769587,21.73971742,0.20002244,,,0.294710002,2
E,2798A,11.108265,41.39102111,1.96,0.37,0.64,0,,0,,16.54,0.01,,16.99,0.01,,18.56,0.04,,18.7,0.17,>,18.88,0.1503876,>,17.81,0.15390909,,0,Simbad,1780,11.10817289,1.03E-04,41.39098347,2.16E-05,17.88778294,0.024775627,18.43143452,0.048265603,17.98717962,0.04291718,18.19303711,0.042608722,,,0.283273979,2
E,2798B,11.108265,41.39102111,1.96,0.37,0.64,0,,0,,16.54,0.01,,16.99,0.01,,18.56,0.04,,18.7,0.17,>,18.88,0.1503876,>,17.81,0.15390909,,0,Simbad,1780,11.10820768,1.19E-04,41.39097406,6.35E-05,18.08646134,0.048952865,17.89010887,0.052468636,19.387788,0.06989504,17.93928083,0.067922379,,,0.229468557,7
,208,11.110475,41.64929889,1.98,0.76,0.94,441,B115D-M33,-0.08,,20.04,0.11,,19.34,0.04,,19.13,0.03,,18.2,0.14,,17.69,0.25,,17.11,0.36,,2,Simbad,161,11.1103947,9.11E-05,41.64926035,1.20E-04,22.63022898,0.067772319,21.98721407,0.164966396,22.38439738,0.233759308,21.52808945,0.181595339,,,0.256731692,2
,5274,11.11121194,41.37812111,1.45,0.32,0.44,0,,0,,20.08,0.11,,19.65,0.03,,20.06,0.02,,19.23,0.14,,18.78,0.27,,17.91,0.31,,0,Simbad,2702,11.11121858,1.17E-04,41.37797653,7.90E-05,22.41817629,0.062273821,22.81008046,0.237772524,21.7783118,0.177920374,20.69857693,0.124584857,,,0.520800711,2
,48,11.11268194,41.57693389,2.46,0.69,0.99,550,B223-G278,-0.01,,18.22,0.04,,18.01,0.02,,18.06,0.02,,17.42,0.09,,17.04,0.23,,16.5,0.29,,2,Simbad,36,11.11260665,6.68E-05,41.57698122,1.44E-05,20.70673679,0.035329039,20.71642119,0.096823541,20.00370095,0.083087661,19.7240333,0.080648811,,,0.264835688,2
,127,11.11804389,41.33007306,2.12,0.63,0.98,0,,-0.02,,19.86,0.2,,19.53,0.13,,19.37,0.04,,18.49,0.23,,17.97,0.36,>,17.11,0.15390909,,0,Simbad,96,11.11794242,8.50E-05,41.33000624,3.90E-05,22.8542118,0.193736827,22.3832117,0.246330305,22.35400579,0.221530827,21.03403396,0.23729565,,,0.364815684,7
,36,11.11899306,41.49615194,1.64,0.53,0.99,0,KHM31-515,-0.04,,20.17,0.07,,20.02,0.05,,20.12,0.03,>,20.53,0.13882075,>,19.77,0.1503876,>,19.01,0.15390909,,0,Simbad,31,11.11889773,1.04E-04,41.49612301,6.21E-05,22.58903366,0.066656068,21.99183403,0.165300316,21.7256418,0.173780187,21.71745884,0.197998028,,,0.277345756,2
,1969,11.12314111,41.35992806,3.99,0.62,0.78,0,B225-G280,0,,16.87,0.01,,15.5,0.01,,14.75,0.01,,13.02,0.01,,12.24,0.01,,11.46,0.01,,2,Simbad,1312,11.12315024,7.52E-05,41.35987295,2.63E-05,20.0234413,0.067669876,20.02611397,0.092350356,19.74105803,0.077900075,18.71372499,0.088967391,,,0.19990175,7
,450A,11.12384194,41.37349194,1.58,0.31,0.94,0,,0,,17.3,0.02,,17.31,0.02,,18.46,0.04,,18.05,0.06,,17.98,0.15,,17.67,0.27,,0,Simbad,335,11.12379604,8.56E-05,41.37338586,5.73E-05,19.24332188,0.027217712,19.61635487,0.065302553,19.47980231,0.067879877,18.57207283,0.049478899,,,0.401530949,2
,450B,11.12384194,41.37349194,1.58,0.31,0.94,0,,0,,17.3,0.02,,17.31,0.02,,18.46,0.04,,18.05,0.06,,17.98,0.15,,17.67,0.27,,0,Simbad,335,11.12380874,1.02E-04,41.37340611,2.07E-05,19.42791517,0.0589205,19.03056881,0.06706832,21.17532678,0.133306941,18.73871982,0.089810762,,,0.3217525,7
,2771,11.12455694,41.657595,1.8,0.74,0.63,446,,-0.1,,19.89,0.22,>,20.45,0.038844764,,20.4,0.12,,18.43,0.16,,17.33,0.16,,16.4,0.17,,0,Simbad,1768,11.12436135,1.29E-04,41.65766476,2.78E-05,21.60409047,0.046141984,22.20957549,0.181912015,21.42656465,0.152138884,21.18897374,0.155599268,,,0.582962435,2
,992,11.127865,41.39990111,1.61,0.16,0.89,0,,0,,19.2,0.07,,19.17,0.02,,19.41,0.04,,19.36,0.25,>,18.46,0.1503876,>,17.17,0.15390909,,0,Simbad,681,11.12774171,1.52E-04,41.3998868,8.23E-05,21.31066203,0.041930246,21.68184224,0.144476041,20.84571501,0.118031792,20.38574685,0.108218616,,,0.336901484,2
,1381,11.13000806,41.47712806,1.37,0.23,0.83,0,,0,,20.37,0.04,,20.18,0.05,,20.35,0.1,,20.14,0.34,>,19.57,0.1503876,>,19.17,0.15390909,,0,Simbad,932,11.1298901,7.39E-05,41.47716493,7.34E-05,22.63270133,0.067840072,22.43836577,0.201338954,22.0625459,0.202132851,21.70787601,0.197132891,,,0.344722467,2
,271,11.13055694,41.50134111,2.08,0.6,0.95,0,M039,-0.02,,20.17,0.14,,19.44,0.02,,19.24,0.03,,18.63,0.22,>,17.61,0.1503876,>,16.79,0.15390909,,2,Simbad,210,11.13042147,9.68E-05,41.50131657,8.13E-05,22.90658679,0.075903431,22.79579796,0.236251131,21.89908274,0.187812679,21.0863354,0.148507225,,,0.375803454,2
E,2102,11.13184611,41.60339194,2.18,0.18,0.77,477,,0,,16.16,0.01,,16,0.01,,16.99,0.01,,16.55,0.05,,16.33,0.06,,16.17,0.13,,0,Simbad,1388,11.13187478,6.52E-05,41.60341387,2.01E-05,19.05111968,0.026681723,19.08309834,0.055982125,18.97852826,0.056909804,17.79493696,0.036751695,,,0.110381358,2
,2922,11.136535,41.42227889,2,0.78,0.62,0,,-0.08,,17.6,0.04,,17.87,0.06,,19.22,0.09,>,18.57,0.13882075,>,17.94,0.1503876,>,17.77,0.15390909,,0,Simbad,1857,11.13651387,7.02E-05,41.42229034,1.42E-05,19.12016152,0.026864633,19.50709813,0.063131347,19.16082832,0.060541478,19.34954971,0.068517943,,,0.070378053,2
,2047,11.14191111,41.41975,1.54,0.17,0.61,0,,0,,16.2,0.03,,16.55,0.02,,18.04,0.04,,18.23,0.13,,18.24,0.28,,17.68,0.29,,0,Simbad,1360,11.14182098,7.87E-05,41.41970638,1.81E-05,17.90166263,0.024788889,18.26139574,0.046773796,17.70483612,0.040342241,17.6615794,0.035062628,,,0.289588938,2
E,2425,11.14576111,41.45964389,2.29,0.74,0.73,0,,-0.03,,17.59,0.02,,17.87,0.02,,19.39,0.06,,19.08,0.28,>,17.77,0.1503876,>,16.76,0.15390909,,0,Simbad,1566,11.14567262,7.04E-05,41.45965311,2.76E-05,19.29432055,0.027374576,19.55500773,0.064065593,19.5263666,0.069064479,19.09133403,0.06135786,,,0.241048303,2
,2008,11.15019611,41.48247611,1.42,0.23,0.78,0,KHM31-520,0,,18.63,0.01,,18.89,0.01,,19.94,0.05,>,20.18,0.13882075,>,19.86,0.1503876,>,18.66,0.15390909,,0,Simbad,1335,11.15011018,7.99E-05,41.48246073,3.96E-05,20.42277544,0.03302131,20.58296424,0.091906437,20.23586554,0.091288273,20.15640532,0.097665997,,,0.238279558,2
,3085,11.15324694,41.41286806,1.51,0.34,0.66,0,,0,,17.76,0.03,,17.97,0.03,,19.3,0.04,,18.5,0.11,,16.65,0.04,,15.19,0.03,,0,Simbad,1941,11.15328483,8.68E-05,41.41282674,1.74E-05,19.57783036,0.028373491,20.09940678,0.076789655,19.39901812,0.065895562,19.17539452,0.063589292,,,0.180508037,2
,1594,11.15522806,41.45228611,1.33,0.3,0.82,0,,0,,20.4,0.11,,20.22,0.04,,20.37,0.02,,19.77,0.16,,19.14,0.29,,18.04,0.16,,0,Simbad,1071,11.15521612,1.28E-04,41.45233068,3.60E-05,22.59716489,0.066874513,21.80737639,0.152532372,22.82050206,0.284967986,21.49532405,0.178900841,,,0.163635221,2
,1996,11.15955111,41.49643889,2.27,0.37,0.77,0,,0,,16.93,0.02,,17.23,0.02,,18.55,0.06,,18.48,0.24,,17.7,0.01,>,16.82,0.15390909,,0,Simbad,1328,11.15946878,7.48E-05,41.49637912,2.41E-05,18.67641534,0.025852962,18.76495067,0.051780859,18.61782552,0.050786121,18.50176381,0.048099259,,,0.309144222,2
,3047,11.15992611,41.50072389,1.49,0.46,0.67,0,,-0.03,,17.28,0.01,,17.28,0.01,,18.47,0.01,,18.21,0.04,>,18.6,0.1503876,>,17.75,0.15390909,,0,Simbad,1922,11.15984162,8.24E-05,41.50075271,4.24E-05,19.25628978,0.027256988,19.52552549,0.063487432,19.67601703,0.073082006,18.58833291,0.04980518,,,0.250333082,2
,294,11.16557694,41.40789389,2.31,0.93,0.95,0,B118D,-0.1,,18.96,0.04,,18.68,0.02,,18.92,0.03,,17.75,0.1,,16.91,0.14,,16.15,0.17,,2,Simbad,226,11.16543611,1.65E-04,41.4078397,5.82E-05,21.62857907,0.046527548,22.30151435,0.189464518,21.95361405,0.192467719,21.54934397,0.183365296,,,0.42737335,2
,483,11.16764889,41.25017806,3.69,0.68,0.91,0,B232-G286,0,,17.26,0.01,,16.46,0.01,,16.18,0.01,,14.67,0.01,,14.15,0.01,,13.53,0.02,,2,Simbad,358,11.16760182,3.73E-05,41.25010262,4.99E-05,21.26013545,0.100751332,20.24942338,0.100308917,19.61220048,0.074777782,19.08643236,0.102795111,,,0.299968067,7
E,2990,11.17163389,41.45077889,1.81,0.65,0.67,0,,-0.06,,18.28,0.02,,18.37,0.03,,19.45,0.09,,18.75,0.17,>,18.12,0.1503876,>,17.1,0.15390909,,0,Simbad,1888,11.17153767,8.65E-05,41.45081069,2.20E-05,20.03808195,0.030544701,20.93316596,0.105581912,20.35892819,0.096047039,20.19873751,0.099528495,,,0.283753454,2
,757,11.175425,41.73181889,2.88,0.7,0.91,0,B233-G287,0,,17.8,0.01,,16.8,0.01,,16.39,0.01,,14.83,0.01,,14.25,0.01,,13.55,0.01,,2,Simbad,536,11.17546592,3.04E-05,41.73178039,4.11E-05,21.23264726,0.040929987,21.94468024,0.161926956,20.54163662,0.103680853,19.22329329,0.064902956,,,0.176907211,2
E,2321,11.17916806,41.43872611,2.66,0.93,0.74,0,hodge10_69,-0.05,,15.66,0.09,,15.91,0.08,,17.23,0.05,,17.25,0.1,>,17.34,0.1503876,>,16.47,0.15390909,,0,Simbad,1501,11.17913558,1.08E-04,41.43878396,6.51E-05,18.01409357,0.024902515,18.30957908,0.047177704,17.92166753,0.042273663,17.52998684,0.033517822,,,0.225948825,2
,3547,11.18072306,41.65857694,1.25,0.28,0.61,0,,0,,20.31,0.05,,20.27,0.02,,20.78,0.06,,19.53,0.28,>,18.47,0.1503876,>,17.52,0.15390909,,0,Simbad,2184,11.18061891,9.31E-05,41.65852894,6.98E-05,22.41474655,0.062189811,22.22964271,0.183532236,21.68787854,0.170874777,21.12515677,0.151149827,,,0.32912178,2
E,1825,11.18132,41.44374889,2.63,0.66,0.8,0,,0,,16.03,0.11,,16.18,0.06,,17.43,0.04,,16.21,0.04,,14.93,0.03,,14.09,0.04,,0,Simbad,1218,11.18127945,7.33E-05,41.44384049,4.05E-05,18.3232493,0.025279299,18.6465831,0.050437211,18.09652419,0.044057755,17.577323,0.034060009,,,0.347431113,2
E,1230,11.197085,41.47331194,2.11,0.56,0.86,0,KHM31-537,-0.01,,17.34,0.02,,17.46,0.04,,18.6,0.05,,18.46,0.2,>,17.96,0.1503876,>,17.42,0.15390909,,0,Simbad,837,11.19689683,8.85E-05,41.47320161,2.53E-05,19.45492769,0.027912736,19.68267235,0.066692512,19.38134531,0.065473198,18.71905628,0.052529966,,,0.64451574,2
,1997,11.19734611,41.431515,1.95,0.73,0.78,0,SK180B,-0.07,,18.84,0.02,,18.7,0.01,,19.62,0.04,,18.74,0.16,>,18.05,0.1503876,>,17.15,0.15390909,Cl,1,Simbad,1329,11.19736771,6.27E-05,41.43154105,4.04E-05,20.78176388,0.036016369,21.02287636,0.109504924,21.62981039,0.166507592,20.46085622,0.111930953,,,0.110424297,2
,4177,11.19822806,41.54546111,1.24,0.46,0.55,0,,-0.07,,19.43,0.04,,19.42,0.03,,20.64,0.09,,20.21,0.19,,18.88,0.25,,18.05,0.3,,0,Simbad,2464,11.19815449,1.96E-05,41.54544949,2.48E-05,20.74179794,0.035645976,20.59215166,0.092233874,21.15871121,0.135217793,20.37071156,0.10749117,,,0.202585453,2
,2550,11.19900806,41.47831194,2.12,0.19,0.72,0,,0,,16.5,0.02,,16.9,0.06,,18.43,0.09,,18.44,0.21,>,18.28,0.1503876,>,17.2,0.15390909,,0,Simbad,1638,11.19891272,5.94E-05,41.47831768,4.78E-05,18.78535094,0.026067691,18.97385555,0.054436937,18.29340024,0.046335132,18.19290195,0.04260651,,,0.257950897,2
,795,11.19991889,41.62650694,1.64,0.4,0.73,413,,0,,18.85,0.02,,18.9,0.01,,19.85,0.03,,19.71,0.3,>,18.75,0.1503876,>,17.79,0.15390909,,0,Simbad,564,11.19984832,4.25E-05,41.62649655,3.59E-05,20.66973298,0.035002498,20.96546534,0.106973539,20.63430285,0.107827623,20.04838532,0.093079826,,,0.193550877,2
,1553,11.20444389,41.50971694,1.63,0.31,0.83,0,KHM31-541,0,,19,0.02,,18.89,0.05,,19.77,0.08,,19.34,0.31,>,18.65,0.1503876,>,17.69,0.15390909,,0,Simbad,1048,11.20429333,9.98E-05,41.50978343,1.95E-05,20.97850691,0.037987961,20.956026,0.106564443,21.65126309,0.168106985,20.34805785,0.106404838,,,0.471196765,2
,1973A,11.20544806,41.38405889,1.42,0.29,0.72,0,,0,,18.19,0.01,,18.46,0.01,,19.8,0.03,,19.12,0.27,,18.38,0.35,,17.54,0.33,,0,Simbad,1313,11.20536788,5.97E-05,41.38401072,5.84E-05,20.0933218,0.03085941,20.33033065,0.08350954,19.86869374,0.07875434,19.54005278,0.074413379,,,0.277431978,2
,1973B,11.20544806,41.38405889,1.42,0.29,0.72,0,,0,,18.19,0.01,,18.46,0.01,,19.8,0.03,,19.12,0.27,,18.38,0.35,,17.54,0.33,,0,Simbad,1313,11.20533351,4.23E-05,41.38400575,4.11E-05,20.39586532,0.075184506,20.26210324,0.100790705,20.25856321,0.09311086,19.53696031,0.123532698,,,0.363764295,7
,2769,11.20576611,41.486835,1.58,0.39,0.51,0,,0,,17.48,0.01,,17.71,0.02,,19,0.04,,18.64,0.12,>,18.29,0.1503876,>,17.33,0.15390909,,0,Simbad,1767,11.20570022,5.83E-05,41.48678911,3.67E-05,19.2921397,0.027367735,19.20413622,0.057829123,19.17123907,0.060760671,19.12867583,0.062337641,,,0.242627025,2
,4252,11.206595,41.63126694,1.09,0.19,0.52,415,,0,,19.23,0.03,,19.63,0.02,,20.83,0.02,>,21.08,0.13882075,>,18.24,0.1503876,>,18.51,0.15390909,,0,Simbad,2491,11.20655114,2.80E-05,41.63123023,4.82E-05,21.07872492,0.039092369,20.99772927,0.108386938,21.18932236,0.137043,20.59391505,0.118838986,,,0.177202653,2
,1570,11.20814389,41.62522694,1.42,0.15,0.8,414,,0,,18.39,0.03,,18.21,0.02,,18.66,0.02,,18.32,0.07,,17.79,0.12,,17.13,0.14,,0,Simbad,1060,11.20810443,3.09E-05,41.62520122,4.16E-05,20.8064311,0.036249908,21.15368474,0.115557849,19.89414001,0.079547774,19.87937532,0.086361768,,,0.14088857,2
E,4000,11.21258611,41.48764611,1.74,0.23,0.57,0,,0,,16.83,0.16,,17.05,0.12,,18.51,0.16,,18.84,0.26,>,18.11,0.1503876,>,17.19,0.15390909,,0,Simbad,2402,11.21251084,4.58E-05,41.48762075,3.40E-05,18.67233629,0.025845299,18.77987137,0.051958226,18.245779,0.045756707,18.13545533,0.041680771,,,0.222585348,2
,431,11.21367,41.490375,2.82,0.49,0.94,0,hodge10_71,0,,16.34,0.03,,16.47,0.03,,17.49,0.02,,17.41,0.04,,17.14,0.24,>,16.67,0.15390909,,0,Simbad,318,11.21364131,5.45E-05,41.49036286,4.91E-05,18.54603706,0.025620743,18.84228841,0.052720298,18.34088851,0.046930184,18.07621316,0.040755726,,,0.08885373,2
,1468,11.21403889,41.55787306,1.38,0.24,0.84,0,,0,,19.66,0.01,,19.51,0.02,,20,0.04,,19.65,0.18,,19.22,0.35,>,17.93,0.15390909,,0,Simbad,997,11.21401158,3.58E-05,41.55782186,6.81E-05,21.89783457,0.051144102,21.90655438,0.159255204,21.47235845,0.155255789,20.72232569,0.125928436,,,0.198430882,2
,4283,11.21938389,41.49181,1.38,0.36,0.53,0,,-0.01,,19.45,0.04,,19.45,0.07,,20.48,0.1,>,20.32,0.13882075,>,18.76,0.1503876,>,17.79,0.15390909,,0,Simbad,2506,11.21929226,6.57E-05,41.49182082,2.05E-05,21.19946465,0.040518845,21.32421898,0.124076072,21.27101791,0.142048175,20.69882492,0.124598809,,,0.250146258,2
,833,11.21957194,41.563125,1.52,0.32,0.9,0,,0,,18.28,0.03,,18.36,0.03,,19.76,0.03,>,20.2,0.13882075,>,19.25,0.1503876,>,18.35,0.15390909,,0,Simbad,588,11.21954244,4.28E-05,41.56306801,2.32E-05,19.80559019,0.029353222,19.84211005,0.070268526,19.92493271,0.080522232,19.84693165,0.085133141,,,0.220028723,2
,4607,11.22180194,41.56112194,1.36,0.16,0.49,0,,0,,19.57,0.02,,19.66,0.01,,20.68,0.01,>,19.62,0.13882075,>,18.08,0.1503876,>,17.37,0.15390909,,0,Simbad,2601,11.22179261,9.57E-05,41.56104267,8.66E-05,21.20893877,0.040635375,21.68095253,0.14442069,21.1683667,0.135790596,20.8406068,0.132847644,,,0.286498636,2
,2093,11.23276306,41.59164611,1.97,0.77,0.77,0,,-0.09,,19.17,0.04,,19.22,0.01,,20.13,0.14,>,19.71,0.13882075,>,17.93,0.1503876,>,16.9,0.15390909,,0,Simbad,1383,11.23268417,6.04E-05,41.59159003,4.78E-05,21.47433098,0.044188664,21.64710302,0.142332687,21.30406635,0.144129526,20.89571084,0.136204411,,,0.293025964,2
,2145,11.23958889,41.65393889,1.83,0.49,0.77,0,,-0.01,,18.84,0.02,,19.11,0.03,,20.1,0.04,,19.32,0.21,,17.82,0.21,,16.94,0.18,,0,Simbad,1413,11.23947003,4.91E-05,41.65385444,5.05E-05,20.49695893,0.033581548,21.29936389,0.12278859,20.86209936,0.118867835,20.49111818,0.113464247,,,0.441183484,2
,2348,11.241335,41.489975,2.77,0.57,0.75,0,B235-G297,0,,18.74,0.06,,17.52,0.02,,16.98,0.01,,15.28,0.01,,14.55,0.02,,13.78,0.03,,2,Simbad,1519,11.24141094,1.21E-04,41.49012504,1.26E-04,22.89368045,0.075497683,21.82135791,0.153460594,21.63228028,0.166690903,20.47006074,0.112395009,,,0.577651884,2
,884,11.24633111,41.46762,1.13,0.11,0.79,0,,0,,18.34,0.01,,18.54,0.01,,19.77,0.02,,19.64,0.14,>,19.89,0.1503876,>,18.89,0.15390909,,0,Simbad,617,11.24632094,3.47E-05,41.46762311,4.73E-05,20.39760616,0.032837712,20.53883181,0.090355805,20.23912194,0.091410396,19.68812058,0.079387728,,,0.029631322,2
,879,11.24945694,41.60094611,1.61,0.27,0.86,0,,0,,18.63,0.01,,18.69,0.01,,19.23,0.02,,18.12,0.05,,17.27,0.09,,16.45,0.1,,0,Simbad,613,11.24943466,4.65E-05,41.60093517,2.62E-05,20.72245219,0.035470184,20.96633365,0.107011271,20.53722465,0.103488156,20.13491794,0.096734844,,,0.071765948,2
,4049,11.25243611,41.556245,1.45,0.39,0.56,0,,-0.01,,18.69,0.01,,18.9,0.02,,20.36,0.01,>,20.84,0.13882075,>,18.18,0.1503876,>,17.64,0.15390909,,0,Simbad,2420,11.25238836,1.43E-05,41.55621484,1.48E-05,20.32727546,0.03234156,20.74764026,0.098024724,20.33495416,0.095096514,20.09352883,0.09496784,,,0.168324352,2
,3444,11.25275306,41.59678611,1.22,0.17,0.55,0,,0,,19.11,0.01,,19.21,0.01,,20.36,0.03,,20.16,0.33,>,18.85,0.1503876,>,17.82,0.15390909,,0,Simbad,2128,11.25270284,3.73E-05,41.59673963,2.96E-05,20.60315359,0.034435061,20.86473336,0.102709129,20.73080002,0.112353415,20.13574407,0.096770469,,,0.215124183,2
,1695,11.25276306,41.4767,1.5,0.32,0.76,0,V300,0,,18.51,0.07,,18.27,0.05,,18.99,0.03,,18.24,0.05,,17.68,0.04,,17.44,0.09,Cl,2,Simbad,1132,11.25270325,3.01E-05,41.47669275,5.09E-05,20.51355221,0.033710848,20.88982109,0.1037505,20.78853625,0.115166251,19.90591344,0.087381054,,,0.163402317,2
E,1041,11.25363194,41.51686694,2.27,0.59,0.78,0,,-0.01,,17.59,0.05,,17.58,0.06,,18.72,0.09,,18.06,0.24,,17.75,0.36,>,16.9,0.15390909,,1,Simbad,715,11.25364966,4.82E-05,41.5167878,6.01E-05,19.91887905,0.029907893,20.15764059,0.078403356,20.13956048,0.087767114,19.25282417,0.06572848,,,0.2888855,2
,2812,11.25764389,41.49690694,1.67,0.4,0.69,0,,0,,19.83,0.01,,19.52,0.03,,19.52,0.03,,18.77,0.15,,18.34,0.25,,18.03,0.26,,0,Simbad,1790,11.25764238,5.33E-05,41.49691661,5.02E-05,22.35612446,0.060777187,22.73851475,0.230251217,21.92752774,0.19022592,21.42028736,0.172882581,,,0.035045172,2
,375,11.26065389,41.61256889,1.72,0.57,0.94,0,,-0.04,,19.12,0.04,,18.97,0.01,,19.12,0.01,,18.27,0.05,,17.86,0.09,,17.21,0.1,,0,Simbad,281,11.26064203,2.72E-05,41.61256536,3.19E-05,21.2824722,0.041563298,21.37970111,0.127008471,21.37964537,0.149015434,20.66872401,0.122917049,,,0.034361425,2
,3204,11.26222,41.53017389,1.77,0.55,0.63,0,,-0.03,,18.71,0.02,,18.87,0.01,,20.09,0.06,>,19.5,0.13882075,>,18.67,0.1503876,>,17.82,0.15390909,,0,Simbad,2002,11.26226155,5.91E-05,41.53017897,7.50E-05,20.38183075,0.032724277,21.1131496,0.113638853,20.9864707,0.125437382,20.18046539,0.098719979,,,0.113463235,2
,3924,11.26631389,41.61985611,2.12,0.71,0.54,0,,-0.04,,17.3,0.06,,17.65,0.07,,18.94,0.18,,18.26,0.08,>,15.35,0.1503876,>,15.41,0.15390909,,0,Simbad,2364,11.26628966,5.05E-05,41.61980936,7.97E-05,19.24305922,0.027216921,20.23101901,0.080513306,19.30048991,0.063593189,19.04014977,0.060044114,,,0.180493682,2
,2027,11.26854111,41.512745,1.9,0.6,0.78,0,KHM31-261,-0.03,,18.79,0.03,,18.72,0.01,,19.13,0.02,,18.51,0.22,,17.96,0.36,>,17.06,0.15390909,,0,Simbad,1347,11.2684529,6.14E-05,41.51283128,5.22E-05,20.96109001,0.037803118,22.06457334,0.170657125,21.35216382,0.147218316,20.13849932,0.096889383,,,0.39118495,2
,3286,11.26986194,41.64770611,1.77,0.64,0.64,0,,-0.06,,19.5,0.02,,19.63,0.12,,20.49,0.05,>,19.78,0.13882075,>,18.47,0.1503876,>,17.63,0.15390909,,0,Simbad,2044,11.26974436,1.05E-04,41.64759768,7.18E-05,21.68688461,0.047467867,22.2169886,0.182508733,22.85976224,0.290109593,20.91347941,0.137305409,,,0.502418145,2
,3503,11.27852611,41.60035194,1.43,0.37,0.62,0,,-0.01,,19.89,0.16,,19.71,0.04,,20.63,0.08,>,19.66,0.13882075,>,18.6,0.1503876,>,17.58,0.15390909,,0,Simbad,2162,11.27859174,1.24E-04,41.60031788,3.55E-05,21.26580268,0.041349261,22.0108863,0.166685271,21.24819862,0.140630237,21.22645985,0.15827527,,,0.215067384,2
,1082,11.27960694,41.62172889,1.46,0.35,0.73,0,KHM31-267,0,,19.1,0.01,,19.21,0.01,,19.69,0.02,,18.65,0.12,,18,0.22,,17.46,0.34,,2,Simbad,740,11.27970551,5.80E-05,41.62174298,2.32E-05,20.81477894,0.036329805,21.47687085,0.132343772,20.99758333,0.126044007,20.10648147,0.095517086,,,0.270055127,2
,3450,11.28074889,41.56824806,1.61,0.69,0.62,0,,-0.12,,18.78,0.03,,18.71,0.03,,19.12,0.01,,18.8,0.1,,18.78,0.33,>,17.22,0.15390909,,0,Simbad,2130,11.280706,3.56E-05,41.56821692,3.22E-05,20.87036946,0.03687315,21.24034412,0.119795018,20.522258,0.102837625,20.17261645,0.098374822,,,0.160973926,2
,2810,11.28154694,41.62461694,1.97,0.6,0.54,0,,-0.02,,18.3,0.02,,18.61,0.03,,19.98,0.09,>,19.76,0.13882075,,18.13,0.2,,17.25,0.22,,0,Simbad,1788,11.28148723,6.14E-05,41.62452816,5.19E-05,20.39643427,0.032829242,20.88799767,0.103674354,20.29914228,0.09369798,20.58133697,0.118167292,,,0.357737156,2
,1438,11.28212194,41.65810389,1.24,0.39,0.8,0,,-0.03,,20.87,0.11,,20.64,0.01,,21.02,0.07,>,21.69,0.13882075,>,18.9,0.1503876,>,17.79,0.15390909,,0,Simbad,975,11.28213794,3.83E-05,41.65808709,6.04E-05,22.73767423,0.070797854,22.61663655,0.218013269,22.97802727,0.306177884,22.10967403,0.236917656,,,0.074219583,2
,164,11.28467611,41.66056389,2.91,0.99,0.97,0,B477-D075,-0.05,,18.92,0.06,,18.57,0.02,,18.48,0.04,,17.84,0.12,,17.54,0.21,,17.09,0.22,,2,Simbad,126,11.28472912,6.91E-05,41.66056282,4.79E-05,22.01595073,0.053400957,21.45857456,0.131319379,21.09995064,0.131788966,20.80208485,0.130551928,,,0.142613219,2
,3304,11.28528889,41.61886694,1.46,0.15,0.64,0,,0,,19.09,0.09,,19.24,0.04,,20.31,0.06,>,19.71,0.13882075,>,18.35,0.1503876,>,17.41,0.15390909,,0,Simbad,2055,11.28530759,5.37E-05,41.61888022,3.93E-05,20.75502468,0.035767474,20.93397213,0.105616365,20.54873565,0.103991804,20.8620329,0.134142575,,,0.069416372,2
,846,11.293285,41.61289,1.84,0.4,0.9,0,WH24,0,,16.3,0.05,,16.58,0.05,,17.93,0.07,,17.8,0.08,,17.73,0.17,,17.46,0.34,,0,Simbad,599,11.2932282,4.01E-05,41.61291154,2.99E-05,17.66385687,0.024582711,18.39483771,0.047928604,17.88216501,0.04189952,17.51662872,0.033367506,,,0.171419534,2
,1243,11.29436806,41.64804306,1.46,0.2,0.85,0,KHM31-569,0,,17.41,0.03,,17.66,0.03,,18.84,0.05,,18.86,0.29,>,18.53,0.1503876,>,17.73,0.15390909,,0,Simbad,843,11.29436971,4.71E-05,41.64802375,1.70E-05,19.26174093,0.027273622,19.66241815,0.06626209,18.95763102,0.056517697,18.95401251,0.057907643,,,0.069640624,2
,2020,11.29578611,41.64903694,1.68,0.43,0.71,0,M068,-0.01,,19.3,0.16,>,19.36,0.038844764,,20.49,0.33,>,19.96,0.13882075,>,18.19,0.1503876,>,17.31,0.15390909,Cl,2,Simbad,1343,11.29570989,1.81E-04,41.64898535,6.33E-05,21.22427192,0.040825419,21.60602822,0.139845186,21.03332312,0.128017387,20.35151225,0.106569739,,,0.276656077,2
,2341,11.29828611,41.62131806,1.55,0.32,0.75,0,,0,,17.39,0.05,,17.64,0.06,,19.06,0.08,>,19.1,0.13882075,>,18.62,0.1503876,>,17.9,0.15390909,,0,Simbad,1512,11.29835279,3.60E-05,41.62123744,5.39E-05,18.88440255,0.026280792,19.39903843,0.061123101,19.06552697,0.058594947,18.73460009,0.05286627,,,0.341227037,2
E,955,11.29937889,41.62014889,2.6,0.78,0.89,0,hodge10_75,-0.02,,17,0.24,,16.84,0.13,,17.91,0.12,,17.29,0.17,,16.79,0.17,,16.46,0.31,,0,Simbad,658,11.29942427,4.74E-05,41.62017249,2.89E-05,18.95489829,0.026443577,19.81060507,0.069534894,19.36519102,0.06509075,18.70977653,0.05233046,,,0.148781689,2
,3484,11.30372194,41.624615,1.3,0.32,0.62,0,WH27,0,>,19.16,0.044584837,>,18.96,0.038844764,>,19.74,0.05525,>,18.85,0.13882075,>,18.41,0.1503876,>,18.04,0.15390909,,0,Simbad,2151,11.30364089,1.20E-04,41.62443079,1.31E-04,20.53099073,0.033848337,20.72286804,0.097069975,21.21191054,0.138407234,20.01312361,0.091633084,,,0.698112886,2
,3021,11.30490611,41.661315,1.76,0.09,0.6,0,,0,,17.01,0.01,,17.27,0.01,,18.7,0.01,,18.53,0.1,,17.55,0.16,,16.72,0.17,,0,Simbad,1905,11.30492332,5.96E-05,41.66130882,2.89E-05,18.92472045,0.02637272,19.18401312,0.05751187,18.8861882,0.055213258,18.43946463,0.046918265,,,0.051366555,2
,1068A,11.30604,41.62670889,1.5,0.45,0.88,0,WH28,-0.02,,17.97,0.01,,17.53,0.06,,17.93,0.03,,16.89,0.03,,16.49,0.05,,16.17,0.09,,1,Simbad,734,11.30609141,5.22E-05,41.6266536,3.93E-05,20.0111136,0.030395653,20.83074438,0.101319758,20.43502279,0.09914143,19.00219006,0.059091238,,,0.242403253,2
,1068B,11.30604,41.62670889,1.5,0.45,0.88,0,WH28,-0.02,,17.97,0.01,,17.53,0.06,,17.93,0.03,,16.89,0.03,,16.49,0.05,,16.17,0.09,,1,Simbad,734,11.3060073,2.49E-04,41.62670673,4.10E-05,20.09686923,0.062041035,19.7526874,0.077691528,23.30246032,0.313417442,19.04667932,0.078363741,,,0.088341544,13
,1803A,11.30886306,41.62895306,1.46,0.38,0.74,0,KHM31-571,-0.01,,17.79,0.04,,17.82,0.05,,18.91,0.03,,18.66,0.1,>,17.14,0.1503876,>,16.29,0.15390909,,0,Simbad,1205,11.30886406,7.71E-05,41.62892627,2.54E-05,19.59094618,0.02842534,19.96043777,0.073147722,19.8630343,0.078579317,19.61225367,0.076794456,,,0.096470176,2
,1803B,11.30886306,41.62895306,1.46,0.38,0.74,0,KHM31-571,-0.01,,17.79,0.04,,17.82,0.05,,18.91,0.03,,18.66,0.1,>,17.14,0.1503876,>,16.29,0.15390909,,0,Simbad,1205,11.30881082,2.18E-04,41.62895021,4.50E-05,19.55726541,0.052920292,19.28254108,0.066375404,21.65531701,0.150723681,19.32770179,0.087098799,,,0.140921391,13
,1272A,11.30962889,41.62362611,1.67,0.53,0.86,0,WH29,-0.03,,18.72,0.04,,18.62,0.01,,19.75,0.09,,18.95,0.07,,18.39,0.14,>,17.51,0.15390909,,0,Simbad,860,11.30958407,1.05E-04,41.62362649,3.07E-05,20.25975699,0.031887942,20.58793114,0.092083256,20.43437271,0.099114489,19.69613703,0.079667337,,,0.12061963,2
,1272B,11.30962889,41.62362611,1.67,0.53,0.86,0,WH29,-0.03,,18.72,0.04,,18.62,0.038844764,,19.75,0.09,,18.95,0.07,,18.39,0.14,>,17.51,0.15390909,,0,Simbad,860,11.30962638,1.69E-04,41.62360402,6.60E-05,20.69663859,0.076311147,20.74044757,0.113659664,22.42510491,0.211220191,21.65031004,0.234677366,,,0.079799341,13
,975A,11.31932806,41.6555,1.51,0.47,0.89,0,,-0.03,,19.72,0.07,,19.65,0.04,,20.2,0.05,,19.36,0.25,>,19.06,0.1503876,>,18.08,0.15390909,,0,Simbad,670,11.31935826,1.26E-04,41.65541715,3.27E-05,21.51202425,0.044740789,22.3261627,0.19154639,21.87450511,0.185753492,21.28186446,0.162317014,,,0.309110438,2
,975B,11.31932806,41.6555,1.51,0.47,0.89,0,,-0.03,,19.72,0.07,,19.65,0.04,,20.2,0.05,,19.36,0.25,>,19.06,0.1503876,>,18.08,0.15390909,,0,Simbad,670,11.31924358,1.51E-04,41.65543895,1.24E-04,21.90858987,0.123995222,20.81051414,0.116989495,21.54438501,0.143724705,21.37416861,0.207330751,,,0.316126874,13
,607A,11.323085,41.656155,2.3,0.57,0.93,0,hodge10_77,0,,16.22,0.03,,16.51,0.03,,18.06,0.04,,18.26,0.15,>,18.56,0.1503876,>,17.1,0.15390909,,0,Simbad,436,11.32320099,7.42E-05,41.65610726,3.26E-05,18.26707348,0.025203083,18.28857209,0.04699983,18.5258844,0.049430183,18.35335022,0.045347998,,,0.356181049,2
,607B,11.323085,41.656155,2.3,0.57,0.93,0,hodge10_77,0,,16.22,0.03,,16.51,0.03,,18.06,0.04,,18.26,0.15,>,18.56,0.1503876,>,17.1,0.15390909,,0,Simbad,436,11.32313356,1.86E-04,41.65610559,3.24E-05,18.32238115,0.041159389,18.25386848,0.050633414,19.75379431,0.071983021,18.25162507,0.060006285,,,0.220673887,13
,1176,11.32323389,41.58526694,1.44,0.61,0.87,0,,-0.11,,20.49,0.05,,20.44,0.04,,20.68,0.04,,19.37,0.22,,18.71,0.37,>,17.77,0.15390909,,0,Simbad,805,11.32331974,1.34E-04,41.58533217,1.29E-04,22.22910633,0.057863434,22.41970629,0.199673933,21.85835646,0.184413471,21.38079046,0.169798138,,,0.329503258,2
,3709,11.32585806,41.65589111,2.36,0.79,0.6,0,,-0.04,,18.7,0.08,,18.85,0.31,,19.87,0.17,>,18.61,0.13882075,,16.91,0.13,,15.63,0.07,,0,Simbad,2256,11.32575135,1.97E-04,41.65579826,1.50E-05,21.39212136,0.099992014,20.6964706,0.111629676,21.29658742,0.129412365,20.48256051,0.140031716,,,0.440578229,13
E,2573,11.3272,41.67047889,2.02,0.54,0.72,0,,-0.01,,18.36,0.04,,18.25,0.03,,19.21,0.03,,18.64,0.18,>,17.98,0.1503876,>,17.04,0.15390909,,0,Simbad,1652,11.327276,1.12E-04,41.67041297,7.23E-05,20.40319848,0.032878226,20.91421324,0.104776065,21.57323687,0.162367237,19.98577073,0.090527472,,,0.313183554,2
,1463,11.33140694,41.66472889,1.86,0.55,0.84,0,hodge10_78,-0.02,,20.14,0.08,,20.13,0.34,,20.45,0.34,>,19.72,0.13882075,>,18.58,0.1503876,>,17.61,0.15390909,,0,Simbad,992,11.33127229,1.51E-04,41.66464853,5.36E-05,22.5246636,0.161931823,21.36530303,0.147927441,21.66368721,0.151267433,21.95274918,0.269004187,,,0.463491734,13
,1314A,11.33766611,41.64860306,2.04,0.64,0.86,0,hodge10_79,-0.03,,19.08,0.06,,19.23,0.1,,19.68,0.09,,18.73,0.13,>,17.7,0.1503876,>,16.72,0.15390909,,0,Simbad,888,11.33783956,1.37E-04,41.64854988,1.14E-04,21.45179141,0.043864354,21.21246214,0.118411445,21.20425914,0.137943455,20.7524374,0.127653667,,,0.504328927,2
,1314B,11.33766611,41.64860306,2.04,0.64,0.86,0,hodge10_79,-0.03,,19.08,0.06,,19.23,0.1,,19.68,0.09,,18.73,0.13,>,17.7,0.1503876,>,16.72,0.15390909,,0,Simbad,888,11.33762556,2.60E-04,41.6486241,4.72E-05,22.01549853,0.129786381,21.07540487,0.130698851,21.66309197,0.151228691,21.94144959,0.267632165,,,0.132819816,13
,1582,11.35769889,41.67198806,1.56,0.69,0.81,0,,-0.13,,20.11,0.04,,20.12,0.04,,20.64,0.07,,19.95,0.23,>,19.69,0.1503876,>,18.81,0.15390909,,0,Simbad,1068,11.35773855,1.62E-04,41.67205736,2.18E-05,22.36574531,0.15103332,22.10363572,0.204533222,21.77641642,0.158812043,21.50445078,0.219788981,,,0.271340523,13
,1596,11.36176,41.64479194,1.21,0.38,0.82,0,SK201B,-0.03,,20.1,0.04,,20.04,0.06,,20.58,0.09,,18.87,0.07,,18.09,0.22,,17.24,0.27,Cl,1,Simbad,1073,11.36176599,1.28E-04,41.64481023,3.76E-05,21.6573195,0.111536847,21.80187462,0.178946458,23.50643586,0.343834787,21.32219369,0.202571218,,,0.067779284,13
,4519,11.36200111,41.68676806,1.75,0.67,0.51,0,,-0.08,,19.9,0.09,,19.63,0.08,,20.15,0.16,>,18.87,0.13882075,>,17.58,0.1503876,>,16.64,0.15390909,,0,Simbad,2572,11.36212568,1.66E-04,41.686907,2.11E-05,22.86683651,0.188420258,21.73009222,0.173385705,22.42306957,0.211028959,21.54073316,0.223397284,,,0.601940912,13
,1312,11.40266194,41.71448389,1.9,0.79,0.86,0,,-0.11,,19.01,0.1,,18.87,0.07,,19.95,0.07,,19.66,0.2,>,18.67,0.1503876,>,17.68,0.15390909,,0,Simbad,886,11.40279399,8.35E-05,41.71443861,4.21E-05,21.15956939,0.091085711,20.97680247,0.125381473,22.02278809,0.176815779,21.12677508,0.185691848,,,0.390480485,13
,2933,11.41282889,41.71487111,0.93,0.23,0.68,0,,0,,20.02,0.04,,19.92,0.02,,20.75,0.02,>,20.56,0.13882075,>,19.57,0.1503876,>,18.65,0.15390909,,0,Simbad,1862,11.41280118,8.57E-05,41.71481537,3.16E-05,22.23767429,0.142840271,21.73705173,0.173916463,22.35027255,0.204309745,21.08830039,0.182549772,,,0.214023326,13
,1253,11.41746111,41.74347389,1.39,0.34,0.86,0,,0,,19.15,0.05,,19.09,0.05,,20.1,0.06,>,19.2,0.13882075,>,17.88,0.1503876,>,16.85,0.15390909,,0,Simbad,849,11.41749064,7.47E-05,41.74342737,6.72E-05,21.71766444,0.114387537,20.95157474,0.124062653,21.13982649,0.121233466,20.35328515,0.132468417,,,0.185307636,13
,696,11.42039306,41.734725,2.4,0.68,0.88,0,,-0.01,,18.09,0.07,,18.03,0.04,,19.04,0.01,,18.78,0.23,>,17.96,0.1503876,>,16.83,0.15390909,,0,Simbad,497,11.4201992,1.13E-04,41.73466079,2.43E-05,20.58746478,0.073337643,20.49361605,0.102838095,20.37902999,0.089714581,19.51264728,0.093611949,,,0.569770319,13
,4280,11.42183306,41.71374889,1.39,0.42,0.54,0,,-0.02,,20.4,0.08,,20.49,0.07,,21.44,0.11,>,23.56,0.13882075,>,19.42,0.1503876,>,18.43,0.15390909,,0,Simbad,2505,11.42187468,1.26E-04,41.71371322,6.40E-05,22.49073789,0.159534587,22.0340415,0.198300866,21.7773818,0.158878465,21.78781111,0.249680792,,,0.170290211,13
,1423,11.42205889,41.739605,1.57,0.3,0.81,0,,0,,19.04,0.02,,18.97,0.06,,19.45,0.02,,17.48,0.03,,16.37,0.04,,15.45,0.01,,0,Simbad,963,11.42210433,4.49E-05,41.73951686,3.97E-05,21.36631591,0.098949931,20.75104582,0.114155739,21.49204758,0.140553274,20.56034038,0.144818678,,,0.339974096,13
,2593,11.43033194,41.74463806,1.86,0.36,0.72,0,,0,,17.98,0.04,,17.95,0.04,,18.89,0.03,,17.31,0.05,,16.2,0.03,,15.33,0.05,,0,Simbad,1666,11.43038007,4.86E-05,41.74455092,3.86E-05,20.38432454,0.068268622,20.08943672,0.087879374,20.43843733,0.091744444,19.18892564,0.082618082,,,0.339278269,13
,3388,11.43173694,41.70993611,1.45,0.31,0.63,0,,0,,19.73,0.01,,19.47,0.03,,20.44,0.08,>,19.33,0.13882075,>,18.7,0.1503876,>,18.64,0.15390909,,0,Simbad,2100,11.43176133,4.03E-05,41.7099088,2.71E-05,21.97266109,0.127429128,21.80052439,0.178840078,21.95425541,0.171590003,21.11594885,0.184801869,,,0.118171817,13
,995,11.44183611,41.72249889,1.25,0.37,0.89,0,,-0.02,,19.09,0.03,,19.22,0.03,,20.4,0.06,,19.83,0.15,>,19.28,0.1503876,>,18.24,0.15390909,,0,Simbad,683,11.44189876,7.59E-05,41.72243058,4.40E-05,20.8419692,0.080558168,20.71271143,0.112374046,21.07184541,0.117883499,20.48688058,0.140292845,,,0.298022948,13
E,4633,11.50305806,41.74562889,2.01,0.28,0.5,0,,0,,17.3,0.05,,17.68,0.02,,19.28,0.09,,19.15,0.04,,19.11,0.35,>,18.51,0.15390909,,0,Simbad,2607,11.50315606,2.45E-05,41.74567009,3.69E-05,18.93709357,0.045736309,18.67406815,0.055812084,18.81006235,0.055165908,18.74414525,0.070363767,,,0.302158933,13
