f275w_ul,f275w_vega,f275w_err_orig,f275w_err,,f336w_ul,f336w_vega,f336w_err_orig,f336w_err,,f475w_ul,f475w_vega,f475w_err_orig,f475w_err,,f814w_ul,f814w_vega,f814w_err_orig,f814w_err,,f110w_ul,f110w_vega,f110w_err_orig,f110w_err,,f160w_ul,f160w_vega,f160w_err_orig,f160w_err,,F148W_ul,F148W_AB,F148W_err,,F172M_ul,F172M_AB,F172M_err,,N219M_ul,N219M_AB,N219M_err,,N279N_ul,N279N_AB,N279N_err,,F169M_ul,F169M_AB,F169M_err_orig,F169M_err
 ,20.12,0.09,0.09,, ,20.02,0.19,0.19,, ,19.66,0.04,0.04,, ,17.98,0.09,0.09,, ,16.86,0.1,0.1,, ,15.94,0.1,0.1,,,22.99927549,0.110198456,,,22.0495856,0.144185892,,,22.64249816,0.259175287,,,,,,,22.01468791,0.184444705,0.184444705
 ,20.35,0.07,0.07,, ,19.91,0.05,0.05,, ,19.93,0.08,0.08,, ,19.59,0.33,0.33,,>,18.17,,0.01,,>,17.25,,0.01,,,22.75023841,0.071162673,,,22.46364566,0.203618438,,,21.64789293,0.167854644,,,,,,,,,0.01
 ,17.33,0.07,0.07,, ,17.5,0.04,0.04,, ,18.14,0.05,0.05,, ,16.96,0.06,0.06,, ,16.18,0.05,0.05,, ,15.43,0.06,0.06,,,19.68272156,0.072432847,,,19.3137732,0.050291162,,,19.30543898,0.064679241,,,,,,,18.61871072,0.046356884,0.046356884
 ,17.33,0.07,0.07,, ,17.5,0.04,0.04,, ,18.14,0.05,0.05,, ,16.96,0.06,0.06,, ,16.18,0.05,0.05,, ,15.43,0.06,0.06,,,19.45464465,0.059240254,,,19.38042914,0.074287735,,,19.2343588,0.066931843,,,,,,,,,0.01
 ,20.17,0.07,0.07,, ,20.02,0.05,0.05,, ,20.12,0.03,0.03,,>,20.53,,0.01,,>,19.77,,0.01,,>,19.01,,0.01,,,22.58903366,0.066656068,,,21.99183403,0.165300316,,,21.7256418,0.173780187,,,,,,,,,0.01
 ,18.22,0.04,0.04,, ,18.01,0.02,0.02,, ,18.06,0.02,0.02,, ,17.42,0.09,0.09,, ,17.04,0.23,0.23,, ,16.5,0.29,0.29,,,20.70673679,0.035329039,,,20.71642119,0.096823541,,,20.00370095,0.083087661,,,,,,,,,0.01
 ,16.41,0.03,0.03,, ,16.54,0.01,0.01,, ,17.66,0.01,0.01,, ,17.32,0.03,0.03,, ,17.25,0.23,0.23,, ,16.73,0.03,0.03,,,20.43040961,0.074730594,,,19.88189951,0.06023274,,,20.30346878,0.093745645,,,,,,,19.1369865,0.05515801,0.05515801
 ,16.41,0.03,0.03,, ,16.54,0.01,0.01,, ,17.66,0.01,0.01,, ,17.32,0.03,0.03,, ,17.25,0.23,0.23,, ,16.73,0.03,0.03,,,20.36031036,0.074388204,,,19.75159593,0.083836209,,,19.84520706,0.080605671,,,,,,,,,0.01
 ,18.39,0.02,0.02,, ,18.14,0.01,0.01,, ,18.12,0.01,0.01,, ,17.04,0.05,0.05,, ,16.49,0.09,0.09,, ,15.94,0.18,0.18,,,20.82665075,0.076706447,,,20.5623279,0.077318561,,,21.23644038,0.138625741,,,,,,,19.89777827,0.073701942,0.073701942
 ,18.39,0.02,0.02,, ,18.14,0.01,0.01,, ,18.12,0.01,0.01,, ,17.04,0.05,0.05,, ,16.49,0.09,0.09,, ,15.94,0.18,0.18,,,20.68867286,0.082444626,,,20.39497365,0.106042871,,,21.23806646,0.136822088,,,,,,,,,0.01
 ,17.56,0.02,0.02,, ,17.42,0.04,0.04,, ,17.67,0.02,0.02,, ,16.93,0.08,0.08,, ,16.78,0.19,0.19,, ,16.46,0.33,0.33,,,20.1049624,0.07354395,,,19.39918712,0.051575237,,,19.84541419,0.078433538,,,,,,,18.67081705,0.047124887,0.047124887
 ,18.33,0.01,0.01,, ,18.44,0.01,0.01,, ,19.46,0.02,0.02,, ,18.86,0.02,0.02,, ,18.57,0.12,0.12,, ,18.05,0.14,0.14,,,20.37110923,0.074628201,,,19.85013658,0.086740474,,,19.99158457,0.084699304,,,,,,,,,0.01
 ,19.86,0.2,0.2,, ,19.53,0.13,0.13,, ,19.37,0.04,0.04,, ,18.49,0.23,0.23,, ,17.97,0.36,0.36,,>,17.11,,0.01,,,22.8542118,0.193736827,,,22.3832117,0.246330305,,,22.35400579,0.221530827,,,,,,,,,0.01
 ,18.97,0.02,0.02,, ,18.73,0.02,0.02,, ,18.78,0.02,0.02,, ,17.52,0.07,0.07,, ,16.87,0.08,0.08,, ,16.21,0.1,0.1,,,21.42413225,0.081252256,,,20.4671061,0.074527643,,,21.21419071,0.137295968,,,,,,,19.77866438,0.070278868,0.070278868
 ,18.97,0.02,0.02,, ,18.73,0.02,0.02,, ,18.78,0.02,0.02,, ,17.52,0.07,0.07,, ,16.87,0.08,0.08,, ,16.21,0.1,0.1,,,21.37786121,0.105306142,,,21.1055727,0.141282678,,,22.34490034,0.220638078,,,,,,,,,0.01
 ,18.92,0.06,0.06,, ,18.57,0.02,0.02,, ,18.48,0.04,0.04,, ,17.84,0.12,0.12,, ,17.54,0.21,0.21,, ,17.09,0.22,0.22,,,22.01595073,0.053400957,,,21.45857456,0.131319379,,,21.09995064,0.131788966,,,,,,,,,0.01
 ,17.96,0.02,0.02,, ,17.23,0.01,0.01,, ,17.02,0.01,0.01,, ,15.64,0.02,0.02,, ,15.2,0.03,0.03,, ,14.63,0.05,0.05,,,21.41028948,0.081119881,,,21.54285649,0.115687108,,,20.64603215,0.107841272,,,,,,,20.82138626,0.108599792,0.108599792
 ,18.79,0.02,0.02,, ,18.45,0.03,0.03,, ,18.64,0.05,0.05,, ,17.62,0.11,0.11,, ,17.04,0.06,0.06,, ,16.35,0.09,0.09,,,21.44267242,0.081431871,,,21.27138529,0.103095576,,,21.29974604,0.142489084,,,,,,,20.98685894,0.116714249,0.116714249
 ,18.41,0.05,0.05,, ,18.21,0.05,0.05,, ,18.34,0.04,0.04,, ,17.87,0.17,0.17,, ,17.41,0.28,0.28,,>,16.74,,0.01,,,21.70166353,0.047711278,,,21.00314188,0.108626354,,,20.95666649,0.12382653,,,,,,,,,0.01
 ,19.35,0.05,0.05,, ,19.13,0.02,0.02,, ,19.35,0.05,0.05,, ,18.31,0.16,0.16,,>,17.01,,0.01,,>,17.19,,0.01,,,21.66446189,0.117679841,,,21.39145205,0.159458477,,,21.42015402,0.14767602,,,,,,,,,0.01
 ,20.04,0.11,0.11,, ,19.34,0.04,0.04,, ,19.13,0.03,0.03,, ,18.2,0.14,0.14,, ,17.69,0.25,0.25,, ,17.11,0.36,0.36,,,22.63022898,0.067772319,,,21.98721407,0.164966396,,,22.38439738,0.233759308,,,,,,,,,0.01
 ,20.17,0.14,0.14,, ,19.44,0.02,0.02,, ,19.24,0.03,0.03,, ,18.63,0.22,0.22,,>,17.61,,0.01,,>,16.79,,0.01,,,22.90658679,0.075903431,,,22.79579796,0.236251131,,,21.89908274,0.187812679,,,,,,,,,0.01
 ,19.24,0.32,0.32,, ,18.97,0.15,0.15,, ,19.25,0.11,0.11,, ,18.12,0.1,0.1,, ,17.72,0.21,0.21,, ,17.02,0.28,0.28,,,22.44929827,0.162661347,,,21.35245518,0.156824552,,,21.52208163,0.154196919,,,,,,,,,0.01
 ,19.24,0.32,0.32,, ,18.97,0.15,0.15,, ,19.25,0.11,0.11,, ,18.12,0.1,0.1,, ,17.72,0.21,0.21,, ,17.02,0.28,0.28,,,22.085887,0.089589382,,,21.45116315,0.11124318,,,21.91929834,0.187231812,,,,,,,20.52356037,0.095549611,0.095549611
 ,18.96,0.04,0.04,, ,18.68,0.02,0.02,, ,18.92,0.03,0.03,, ,17.75,0.1,0.1,, ,16.91,0.14,0.14,, ,16.15,0.17,0.17,,,21.62857907,0.046527548,,,22.30151435,0.189464518,,,21.95361405,0.192467719,,,,,,,,,0.01
 ,18.53,0.01,0.01,, ,18.74,0.01,0.01,, ,19.87,0.04,0.04,,>,19.07,,0.01,,>,17.97,,0.01,,>,16.74,,0.01,,,20.28668191,0.032066225,,,20.41260208,0.086118695,,,20.12275207,0.087170205,,,,,,,,,0.01
 ,18.53,0.01,0.01,, ,18.74,0.01,0.01,, ,19.87,0.04,0.04,,>,19.07,,0.01,,>,17.97,,0.01,,>,16.74,,0.01,,,20.5249091,0.075142799,,,20.18322441,0.067012286,,,20.09051951,0.086162951,,,,,,,19.28398255,0.058169274,0.058169274
 ,20.01,0.06,0.06,, ,19.89,0.09,0.09,, ,19.98,0.04,0.04,, ,19.46,0.28,0.28,,>,17.92,,0.01,,>,17.03,,0.01,,,22.36476031,0.060982543,,,22.81235116,0.238015348,,,21.55628456,0.161148138,,,,,,,,,0.01
>,19.24,0.01,0.01,, ,19.05,0.2,0.2,, ,19.42,0.16,0.16,, ,18.9,0.32,0.32,,>,17.92,,0.01,,>,16.75,,0.01,,,20.90728785,0.037245025,,,21.38805579,0.127457125,,,20.76193229,0.113860195,,,,,,,,,0.01
>,19.24,0.01,0.01,, ,19.05,0.2,0.2,, ,19.42,0.16,0.16,, ,18.9,0.32,0.32,,>,17.92,,0.01,,>,16.75,,0.01,,,21.03350537,0.078033712,,,20.72621961,0.082465328,,,21.66412356,0.167181706,,,,,,,20.2318501,0.084504005,0.084504005
 ,20.21,0.08,0.08,, ,20.17,0.07,0.07,, ,20.52,0.09,0.09,, ,20.02,0.22,0.22,, ,18.06,0.1,0.1,, ,17.08,0.09,0.09,,,22.81215579,0.104870345,,,22.20376676,0.154336192,,,22.98236967,0.302402376,,,,,,,21.40626077,0.140429474,0.140429474
 ,19.12,0.04,0.04,, ,18.97,0.01,0.01,, ,19.12,0.01,0.01,, ,18.27,0.05,0.05,, ,17.86,0.09,0.09,, ,17.21,0.1,0.1,,,21.2824722,0.041563298,,,21.37970111,0.127008471,,,21.37964537,0.149015434,,,,,,,,,0.01
 ,16.32,0.04,0.04,, ,16.49,0.04,0.04,, ,17.22,0.03,0.03,, ,16.76,0.05,0.05,, ,16.37,0.12,0.12,, ,15.85,0.19,0.19,,,18.19995912,0.025116769,,,18.54803968,0.049400964,,,17.84496469,0.041556489,,,,,,,,,0.01
 ,16.32,0.04,0.04,, ,16.49,0.04,0.04,, ,17.22,0.03,0.03,, ,16.76,0.05,0.05,, ,16.37,0.12,0.12,, ,15.85,0.19,0.19,,,18.35383922,0.070750596,,,17.80336832,0.036450599,,,18.09696366,0.046175427,,,,,,,17.32166171,0.033627679,0.033627679
 ,19.8,0.1,0.1,, ,19.57,0.08,0.08,, ,19.74,0.09,0.09,, ,19.69,0.07,0.07,,>,18.62,,0.01,,>,17.56,,0.01,,,21.9302594,0.130947821,,,21.9402485,0.202381747,,,21.27022701,0.138667638,,,,,,,,,0.01
 ,15.26,0.09,0.09,, ,15.28,0.1,0.1,, ,16.33,0.09,0.09,, ,15.77,0.11,0.11,, ,15.56,0.15,0.15,, ,15.52,0.25,0.25,,,17.51490357,0.047074781,,,16.85027791,0.046630306,,,17.32526382,0.047634311,,,,,,,,,0.01
 ,19.52,0.05,0.05,, ,19.36,0.02,0.02,, ,19.56,0.01,0.01,, ,18.89,0.2,0.2,,>,18.47,,0.01,,>,17.58,,0.01,,,21.98548176,0.052804556,,,22.67019544,0.22330441,,,21.76607865,0.176949539,,,,,,,,,0.01
 ,19.08,0.02,0.02,, ,18.45,0.01,0.01,, ,18.23,0.02,0.02,, ,16.72,0.04,0.04,, ,16.19,0.09,0.09,, ,15.51,0.12,0.12,,,21.40619562,0.043221469,,,22.07837798,0.171695141,,,21.5113069,0.15796098,,,,,,,,,0.01
 ,16.34,0.03,0.03,, ,16.47,0.03,0.03,, ,17.49,0.02,0.02,, ,17.41,0.04,0.04,, ,17.14,0.24,0.24,,>,16.67,,0.01,,,18.54603706,0.025620743,,,18.84228841,0.052720298,,,18.34088851,0.046930184,,,,,,,,,0.01
 ,19.21,0.03,0.03,, ,19.26,0.03,0.03,, ,20.19,0.06,0.06,, ,20.18,0.34,0.34,,>,18.87,,0.01,,>,17.97,,0.01,,,21.05297589,0.038801878,,,21.50403164,0.133881725,,,20.62407968,0.107360704,,,,,,,,,0.01
 ,16.99,0.02,0.02,, ,16.17,0.01,0.01,, ,15.75,0.01,0.01,, ,14.21,0.01,0.01,, ,13.64,0.01,0.01,, ,12.96,0.01,0.01,,,19.84983848,0.029564228,,,20.00684187,0.074331778,,,19.31966173,0.064031278,,,,,,,,,0.01
 ,17.65,0.01,0.01,, ,17.64,0.01,0.01,, ,18.32,0.01,0.01,, ,16.9,0.02,0.02,, ,15.96,0.02,0.02,, ,15.15,0.05,0.05,,,19.70349887,0.062527017,,,19.47863611,0.076611863,,,19.84218066,0.080524676,,,,,,,,,0.01
 ,17.3,0.02,0.02,, ,17.31,0.02,0.02,, ,18.46,0.04,0.04,, ,18.05,0.06,0.06,, ,17.98,0.15,0.15,, ,17.67,0.27,0.27,,,19.24332188,0.027217712,,,19.61635487,0.065302553,,,19.47980231,0.067879877,,,,,,,,,0.01
 ,17.3,0.02,0.02,, ,17.31,0.02,0.02,, ,18.46,0.04,0.04,, ,18.05,0.06,0.06,, ,17.98,0.15,0.15,, ,17.67,0.27,0.27,,,19.42791517,0.0589205,,,19.03056881,0.06706832,,,21.17532678,0.133306941,,,,,,,,,0.01
 ,18.87,0.05,0.05,, ,18.73,0.04,0.04,, ,18.97,0.05,0.05,, ,18.68,0.14,0.14,,>,18.66,,0.01,,>,17.65,,0.01,,,21.49651184,0.044512074,,,22.23823311,0.184230598,,,21.15192047,0.134816537,,,,,,,,,0.01
 ,17.26,0.01,0.01,, ,16.46,0.01,0.01,, ,16.18,0.01,0.01,, ,14.67,0.01,0.01,, ,14.15,0.01,0.01,, ,13.53,0.02,0.02,,,21.26013545,0.100751332,,,20.24942338,0.100308917,,,19.61220048,0.074777782,,,,,,,,,0.01
 ,20,0.19,0.19,, ,19.67,0.06,0.06,, ,19.89,0.03,0.03,, ,19.52,0.19,0.19,,>,18.91,,0.01,,>,17.99,,0.01,,,22.11653885,0.055442342,,,21.62310626,0.140873337,,,21.64326868,0.16750906,,,,,,,,,0.01
 ,19.75,0.01,0.01,, ,19.8,0.02,0.02,, ,20.39,0.05,0.05,,>,19.48,,0.01,, ,19.23,0.29,0.29,,>,18.01,,0.01,,,21.88852992,0.086645988,,,20.75012584,0.083253834,,,21.24078354,0.138887001,,,,,,,21.09786639,0.122533808,0.122533808
 ,19.75,0.01,0.01,, ,19.8,0.02,0.02,, ,20.39,0.05,0.05,,>,19.48,,0.01,, ,19.23,0.29,0.29,,>,18.01,,0.01,,,22.03070324,0.136454386,,,22.5172022,0.261553738,,,21.32415225,0.141830036,,,,,,,,,0.01
 ,18.5,0.03,0.03,, ,18.57,0.03,0.03,, ,19.26,0.06,0.06,, ,18.62,0.16,0.16,, ,18.24,0.22,0.22,,>,17.43,,0.01,,,20.51989714,0.075120083,,,20.49296652,0.075271586,,,21.98815356,0.193072639,,,,,,,19.30735285,0.058671152,0.058671152
 ,18.5,0.03,0.03,, ,18.57,0.03,0.03,, ,19.26,0.06,0.06,, ,18.62,0.16,0.16,, ,18.24,0.22,0.22,,>,17.43,,0.01,,,20.71852398,0.083259061,,,20.0532726,0.093266626,,,20.64381842,0.107666126,,,,,,,,,0.01
 ,16.22,0.03,0.03,, ,16.51,0.03,0.03,, ,18.06,0.04,0.04,, ,18.26,0.15,0.15,,>,18.56,,0.01,,>,17.1,,0.01,,,18.26707348,0.025203083,,,18.28857209,0.04699983,,,18.5258844,0.049430183,,,,,,,,,0.01
 ,16.22,0.03,0.03,, ,16.51,0.03,0.03,, ,18.06,0.04,0.04,, ,18.26,0.15,0.15,,>,18.56,,0.01,,>,17.1,,0.01,,,18.32238115,0.041159389,,,18.25386848,0.050633414,,,18.91395252,0.071983021,,,,,,,,,0.01
 ,17.61,0.02,0.02,, ,16.52,0.02,0.02,, ,16.04,0.01,0.01,, ,14.44,0.02,0.02,, ,13.87,0.03,0.03,, ,13.15,0.04,0.04,,,21.93884821,0.051911018,,,22.0799078,0.171810598,,,20.62433296,0.107372243,,,,,,,,,0.01
 ,16.81,0.02,0.02,, ,17.03,0.03,0.03,, ,18.08,0.03,0.03,, ,16.73,0.04,0.04,, ,15.93,0.05,0.05,, ,14.97,0.05,0.05,,,18.9004116,0.071213088,,,18.40273001,0.040269084,,,18.59970632,0.052184927,,,,,,,17.86598327,0.037665326,0.037665326
 ,15.76,0.02,0.02,, ,15.84,0.02,0.02,, ,16.57,0.02,0.02,, ,16,0.04,0.04,, ,15.62,0.08,0.08,, ,15.36,0.1,0.1,,,18.47917798,0.070837315,,,18.0855345,0.038034851,,,20.12012351,0.08716693,,,,,,,17.26860964,0.03331264,0.03331264
 ,18.09,0.07,0.07,, ,18.03,0.04,0.04,, ,19.04,0.01,0.01,, ,18.78,0.23,0.23,,>,17.96,,0.01,,>,16.83,,0.01,,,20.58746478,0.073337643,,,20.49361605,0.102838095,,,19.53918821,0.089714581,,,,,,,,,0.01
 ,19.12,0.01,0.01,, ,18.79,0.03,0.03,, ,18.91,0.03,0.03,, ,18.49,0.23,0.23,,>,18.12,,0.01,,>,17.26,,0.01,,,21.50825958,0.110702022,,,20.83451134,0.126299668,,,20.63769287,0.107410216,,,,,,,,,0.01
 ,19.12,0.01,0.01,, ,18.79,0.03,0.03,, ,18.91,0.03,0.03,, ,18.49,0.23,0.23,,>,18.12,,0.01,,>,17.26,,0.01,,,21.2880401,0.080012834,,,20.92169636,0.089209771,,,21.58891533,0.161724202,,,,,,,20.73235113,0.104496747,0.104496747
 ,19.42,0.04,0.04,, ,19.22,0.02,0.02,, ,19.13,0.01,0.01,, ,18.25,0.12,0.12,, ,17.61,0.26,0.26,, ,16.9,0.31,0.31,,,21.88383934,0.050886402,,,22.41569942,0.199318318,,,21.3987328,0.150277635,,,,,,,,,0.01
 ,18.9,0.04,0.04,, ,18.39,0.01,0.01,, ,18.79,0.02,0.02,, ,17.98,0.04,0.04,, ,17.05,0.02,0.02,, ,16.29,0.06,0.06,,,22.3954187,0.15897306,,,21.28495163,0.152383644,,,22.39260821,0.225359012,,,,,,,,,0.01
 ,18.9,0.04,0.04,, ,18.39,0.01,0.01,, ,18.79,0.02,0.02,, ,17.98,0.04,0.04,, ,17.05,0.02,0.02,, ,16.29,0.06,0.06,,,21.73833243,0.08468373,,,21.39461731,0.10860151,,,21.56905708,0.160315765,,,,,,,20.49339431,0.094331481,0.094331481
 ,17.8,0.01,0.01,, ,16.8,0.01,0.01,, ,16.39,0.01,0.01,, ,14.83,0.01,0.01,, ,14.25,0.01,0.01,, ,13.55,0.01,0.01,,,21.23264726,0.040929987,,,21.94468024,0.161926956,,,20.54163662,0.103680853,,,,,,,,,0.01
 ,18.85,0.02,0.02,, ,18.9,0.01,0.01,, ,19.85,0.03,0.03,, ,19.71,0.3,0.3,,>,18.75,,0.01,,>,17.79,,0.01,,,20.66973298,0.035002498,,,20.96546534,0.106973539,,,20.63430285,0.107827623,,,,,,,,,0.01
 ,17.75,0.01,0.01,, ,18.07,0.01,0.01,, ,19.43,0.06,0.06,, ,19.33,0.26,0.26,,>,18.24,,0.01,,>,17.11,,0.01,,,19.59910177,0.072258045,,,19.220688,0.048968275,,,19.51843412,0.069609904,,,,,,,18.52950586,0.045097372,0.045097372
 ,18.28,0.03,0.03,, ,18.36,0.03,0.03,, ,19.76,0.03,0.03,,>,20.2,,0.01,,>,19.25,,0.01,,>,18.35,,0.01,,,19.80559019,0.029353222,,,19.84211005,0.070268526,,,19.92493271,0.080522232,,,,,,,,,0.01
 ,19.78,0.05,0.05,, ,19.14,0.01,0.01,, ,18.97,0.02,0.02,, ,17.56,0.1,0.1,, ,16.68,0.21,0.21,, ,15.94,0.27,0.27,,,22.67814683,0.069100985,,,22.16897157,0.178680962,,,22.07819621,0.203562638,,,,,,,,,0.01
 ,18.59,0.01,0.01,, ,18.58,0.01,0.01,, ,19.13,0.04,0.04,, ,17.84,0.09,0.09,, ,17.3,0.18,0.18,, ,16.52,0.1,0.1,,,20.58850496,0.034313612,,,21.06189527,0.11126838,,,20.64592673,0.108361402,,,,,,,,,0.01
 ,16.3,0.05,0.05,, ,16.58,0.05,0.05,, ,17.93,0.07,0.07,, ,17.8,0.08,0.08,, ,17.73,0.17,0.17,, ,17.46,0.34,0.34,,,17.66385687,0.024582711,,,18.39483771,0.047928604,,,17.88216501,0.04189952,,,,,,,,,0.01
 ,18.63,0.01,0.01,, ,18.69,0.01,0.01,, ,19.23,0.02,0.02,, ,18.12,0.05,0.05,, ,17.27,0.09,0.09,, ,16.45,0.1,0.1,,,20.72245219,0.035470184,,,20.96633365,0.107011271,,,20.53722465,0.103488156,,,,,,,,,0.01
 ,16.9,0.02,0.02,, ,15.89,0.01,0.01,, ,15.37,0.01,0.01,, ,13.74,0.01,0.01,, ,13.05,0.01,0.01,, ,12.31,0.01,0.01,,,20.00767977,0.067389929,,,20.01926385,0.092121432,,,19.44962599,0.071173245,,,,,,,,,0.01
 ,18.34,0.01,0.01,, ,18.54,0.01,0.01,, ,19.77,0.02,0.02,, ,19.64,0.14,0.14,,>,19.89,,0.01,,>,18.89,,0.01,,,20.39760616,0.032837712,,,20.53883181,0.090355805,,,20.23912194,0.091410396,,,,,,,,,0.01
 ,17,0.24,0.24,, ,16.84,0.13,0.13,, ,17.91,0.12,0.12,, ,17.29,0.17,0.17,, ,16.79,0.17,0.17,, ,16.46,0.31,0.31,,,18.95489829,0.026443577,,,19.81060507,0.069534894,,,19.36519102,0.06509075,,,,,,,,,0.01
 ,19.72,0.07,0.07,, ,19.65,0.04,0.04,, ,20.2,0.05,0.05,, ,19.36,0.25,0.25,,>,19.06,,0.01,,>,18.08,,0.01,,,21.51202425,0.044740789,,,22.3261627,0.19154639,,,21.87450511,0.185753492,,,,,,,,,0.01
 ,19.72,0.07,0.07,, ,19.65,0.04,0.04,, ,20.2,0.05,0.05,, ,19.36,0.25,0.25,,>,19.06,,0.01,,>,18.08,,0.01,,,21.90858987,0.123995222,,,20.81051414,0.116989495,,,20.70454322,0.143724705,,,,,,,,,0.01
 ,19.2,0.07,0.07,, ,19.17,0.02,0.02,, ,19.41,0.04,0.04,, ,19.36,0.25,0.25,,>,18.46,,0.01,,>,17.17,,0.01,,,21.31066203,0.041930246,,,21.68184224,0.144476041,,,20.84571501,0.118031792,,,,,,,,,0.01
 ,19.09,0.03,0.03,, ,19.22,0.03,0.03,, ,20.4,0.06,0.06,, ,19.83,0.15,0.15,,>,19.28,,0.01,,>,18.24,,0.01,,,20.8419692,0.080558168,,,20.71271143,0.112374046,,,20.23200362,0.117883499,,,,,,,,,0.01
 ,18.86,0.01,0.01,, ,18.96,0.02,0.02,, ,19.83,0.05,0.05,, ,19.89,0.07,0.07,,>,19.13,,0.01,,>,17.93,,0.01,,,20.67042599,0.035008539,,,21.11826875,0.113879027,,,20.30595472,0.093962067,,,,,,,,,0.01
 ,18.59,0.01,0.01,, ,18.52,0.02,0.02,, ,18.99,0.03,0.03,, ,17.89,0.04,0.04,, ,17.03,0.11,0.11,, ,16.23,0.05,0.05,,,20.88677206,0.077068765,,,20.59374589,0.078270955,,,20.87131902,0.118538072,,,,,,,19.83306084,0.071815733,0.071815733
 ,18.59,0.01,0.01,, ,18.52,0.02,0.02,, ,18.99,0.03,0.03,, ,17.89,0.04,0.04,, ,17.03,0.11,0.11,, ,16.23,0.05,0.05,,,20.8372316,0.086643,,,20.56468212,0.113316729,,,20.84508152,0.116552555,,,,,,,,,0.01
 ,17.59,0.05,0.05,, ,17.58,0.06,0.06,, ,18.72,0.09,0.09,, ,18.06,0.24,0.24,, ,17.75,0.36,0.36,,>,16.9,,0.01,,,19.91887905,0.029907893,,,20.15764059,0.078403356,,,20.13956048,0.087767114,,,,,,,,,0.01
 ,16.7,0.02,0.02,, ,15.91,0.01,0.01,, ,15.62,0.01,0.01,, ,14.12,0.01,0.01,, ,13.56,0.03,0.03,, ,12.88,0.03,0.03,,,20.01227081,0.073263356,,,19.83797133,0.059338387,,,19.31997859,0.064996844,,,,,,,18.80586114,0.049230921,0.049230921
 ,17.97,0.01,0.01,, ,17.53,0.06,0.06,, ,17.93,0.03,0.03,, ,16.89,0.03,0.03,, ,16.49,0.05,0.05,, ,16.17,0.09,0.09,,,20.0111136,0.030395653,,,20.83074438,0.101319758,,,20.43502279,0.09914143,,,,,,,,,0.01
 ,17.97,0.01,0.01,, ,17.53,0.06,0.06,, ,17.93,0.03,0.03,, ,16.89,0.03,0.03,, ,16.49,0.05,0.05,, ,16.17,0.09,0.09,,,20.09686923,0.062041035,,,19.7526874,0.077691528,,,22.46261853,0.313417442,,,,,,,,,0.01
 ,19.1,0.01,0.01,, ,19.21,0.01,0.01,, ,19.69,0.02,0.02,, ,18.65,0.12,0.12,, ,18,0.22,0.22,, ,17.46,0.34,0.34,,,20.81477894,0.036329805,,,21.47687085,0.132343772,,,20.99758333,0.126044007,,,,,,,,,0.01
 ,18.92,0.04,0.04,, ,18.92,0.02,0.02,, ,19.69,0.02,0.02,, ,19.23,0.14,0.14,,>,19.08,,0.01,,>,18.12,,0.01,,,21.06275161,0.038911609,,,21.69630766,0.14537936,,,20.65625262,0.108838165,,,,,,,,,0.01
 ,18.47,0.05,0.05,, ,18.67,0.04,0.04,, ,19.6,0.01,0.01,,>,19.36,,0.01,,>,19.23,,0.01,,>,19.28,,0.01,,,20.08718567,0.030823818,,,20.43352409,0.086801112,,,20.10258172,0.0864607,,,,,,,,,0.01
 ,17,0.04,0.04,, ,16.08,0.01,0.01,, ,15.64,0.01,0.01,, ,14.08,0.01,0.01,, ,13.5,0.01,0.01,, ,12.81,0.01,0.01,,,20.60461945,0.034447281,,,20.58732241,0.09206156,,,19.68862198,0.073435497,,,,,,,,,0.01
 ,17.59,0.02,0.02,, ,17.79,0.02,0.02,, ,19.02,0.04,0.04,, ,19.03,0.3,0.3,,>,17.99,,0.01,,>,17.08,,0.01,,,19.735597,0.072550297,,,19.39259026,0.051473603,,,21.0138817,0.125954554,,,,,,,18.53511924,0.045174614,0.045174614
 ,17.59,0.02,0.02,, ,17.79,0.02,0.02,, ,19.02,0.04,0.04,, ,19.03,0.3,0.3,,>,17.99,,0.01,,>,17.08,,0.01,,,19.59989271,0.061088447,,,19.35833057,0.073783657,,,19.23495938,0.066942883,,,,,,,,,0.01
 ,20.49,0.05,0.05,, ,20.44,0.04,0.04,, ,20.68,0.04,0.04,, ,19.37,0.22,0.22,, ,18.71,0.37,0.37,,>,17.77,,0.01,,,22.22910633,0.057863434,,,22.41970629,0.199673933,,,21.85835646,0.184413471,,,,,,,,,0.01
 ,20.35,0.05,0.05,, ,20.27,0.04,0.04,, ,20.83,0.1,0.1,,>,19.48,,0.01,,>,18.11,,0.01,,>,17.17,,0.01,,,22.35911491,0.060848192,,,22.25288587,0.185428452,,,22.39705817,0.235103635,,,,,,,,,0.01
 ,17.13,0.02,0.02,, ,17.44,0.01,0.01,, ,18.77,0.02,0.02,, ,18.92,0.13,0.13,,>,18.62,,0.01,,>,17.63,,0.01,,,18.99896039,0.071323739,,,18.66772488,0.042573397,,,18.75125229,0.05442568,,,,,,,17.79665926,0.03706101,0.03706101
 ,17.34,0.02,0.02,, ,17.46,0.04,0.04,, ,18.6,0.05,0.05,, ,18.46,0.2,0.2,,>,17.96,,0.01,,>,17.42,,0.01,,,19.45492769,0.027912736,,,19.68267235,0.066692512,,,19.38134531,0.065473198,,,,,,,,,0.01
 ,19.99,0.07,0.07,, ,19.8,0.03,0.03,, ,20.09,0.03,0.03,,>,19.18,,0.01,,>,18.02,,0.01,,>,17.06,,0.01,,,22.99136361,0.10995974,,,21.69105691,0.123307372,,,22.1754725,0.209961835,,,,,,,21.11099919,0.123243131,0.123243131
 ,17.41,0.03,0.03,, ,17.66,0.03,0.03,, ,18.84,0.05,0.05,, ,18.86,0.29,0.29,,>,18.53,,0.01,,>,17.73,,0.01,,,19.26174093,0.027273622,,,19.66241815,0.06626209,,,18.95763102,0.056517697,,,,,,,,,0.01
 ,19.15,0.05,0.05,, ,19.09,0.05,0.05,, ,20.1,0.06,0.06,,>,19.2,,0.01,,>,17.88,,0.01,,>,16.85,,0.01,,,21.71766444,0.114387537,,,20.95157474,0.124062653,,,20.2999847,0.121233466,,,,,,,,,0.01
 ,17.5,0.01,0.01,, ,17.7,0.01,0.01,, ,18.77,0.01,0.01,, ,18.55,0.08,0.08,, ,17.89,0.22,0.22,, ,17.28,0.25,0.25,,,19.39542184,0.027705247,,,19.71004561,0.067282599,,,19.22541591,0.061922656,,,,,,,,,0.01
 ,18.74,0.02,0.02,, ,18.02,0.01,0.01,, ,17.77,0.01,0.01,, ,16.24,0.03,0.03,, ,15.67,0.05,0.05,, ,14.92,0.06,0.06,,,21.84784752,0.086091966,,,20.86091014,0.087038839,,,21.73734402,0.172687279,,,,,,,20.56840859,0.097394585,0.097394585
 ,18.72,0.04,0.04,, ,18.62,0.01,0.01,, ,19.75,0.09,0.09,, ,18.95,0.07,0.07,, ,18.39,0.14,0.14,,>,17.51,,0.01,,,20.25975699,0.031887942,,,20.58793114,0.092083256,,,20.43437271,0.099114489,,,,,,,,,0.01
 ,18.72,0.04,0.04,, ,18.62,0.01,0.01,, ,19.75,0.09,0.09,, ,18.95,0.07,0.07,, ,18.39,0.14,0.14,,>,17.51,,0.01,,,20.69663859,0.076311147,,,20.74044757,0.113659664,,,21.58526312,0.211220191,,,,,,,,,0.01
 ,18.85,0.04,0.04,, ,19.02,0.03,0.03,, ,19.94,0.07,0.07,, ,19.54,0.1,0.1,, ,19.18,0.36,0.36,,>,18.47,,0.01,,,20.7437406,0.035663754,,,20.92011018,0.105025951,,,20.42861099,0.098876091,,,,,,,,,0.01
 ,19.24,0.03,0.03,, ,19.02,0.02,0.02,, ,19.41,0.01,0.01,, ,18.81,0.19,0.19,, ,18.44,0.1,0.1,, ,18.05,0.28,0.28,,,21.544844,0.082470869,,,21.31238244,0.10488985,,,21.52154786,0.157000279,,,,,,,20.60496101,0.098928816,0.098928816
 ,19.24,0.03,0.03,, ,19.02,0.02,0.02,, ,19.41,0.01,0.01,, ,18.81,0.19,0.19,, ,18.44,0.1,0.1,, ,18.05,0.28,0.28,,,21.29987857,0.102256384,,,20.90503953,0.130001725,,,22.69527241,0.257939689,,,,,,,,,0.01
 ,19.01,0.1,0.1,, ,18.87,0.07,0.07,, ,19.95,0.07,0.07,, ,19.66,0.2,0.2,,>,18.67,,0.01,,>,17.68,,0.01,,,21.15956939,0.091085711,,,20.97680247,0.125381473,,,21.18294631,0.176815779,,,,,,,,,0.01
 ,19.08,0.06,0.06,, ,19.23,0.1,0.1,, ,19.68,0.09,0.09,, ,18.73,0.13,0.13,,>,17.7,,0.01,,>,16.72,,0.01,,,21.45179141,0.043864354,,,21.21246214,0.118411445,,,21.20425914,0.137943455,,,,,,,,,0.01
 ,19.08,0.06,0.06,, ,19.23,0.1,0.1,, ,19.68,0.09,0.09,, ,18.73,0.13,0.13,,>,17.7,,0.01,,>,16.72,,0.01,,,22.01549853,0.129786381,,,21.07540487,0.130698851,,,20.82325018,0.151228691,,,,,,,,,0.01
 ,18.82,0.04,0.04,, ,18.56,0.04,0.04,, ,18.81,0.03,0.03,, ,18.08,0.01,0.01,, ,18.02,0.17,0.17,,>,17.71,,0.01,,,21.60485934,0.083121636,,,21.26095223,0.102644811,,,22.68183546,0.26383427,,,,,,,20.26098878,0.085536175,0.085536175
 ,18.82,0.04,0.04,, ,18.56,0.04,0.04,, ,18.81,0.03,0.03,, ,18.08,0.01,0.01,, ,18.02,0.17,0.17,,>,17.71,,0.01,,,21.48191399,0.109581173,,,21.1591831,0.144496769,,,21.47972641,0.151447041,,,,,,,,,0.01
 ,16.66,0.01,0.01,, ,16.98,0.01,0.01,, ,18.33,0.03,0.03,, ,18.14,0.08,0.08,, ,16.96,0.11,0.11,, ,16.01,0.1,0.1,,,18.44539756,0.025458377,,,18.70163402,0.051048306,,,20.14593567,0.087994867,,,,,,,,,0.01
 ,16.66,0.01,0.01,, ,16.98,0.01,0.01,, ,18.33,0.03,0.03,, ,18.14,0.08,0.08,, ,16.96,0.11,0.11,, ,16.01,0.1,0.1,,,18.73025359,0.071043825,,,18.33716433,0.039763442,,,18.19756406,0.047218816,,,,,,,17.50032198,0.03478389,0.03478389
 ,19.47,0.05,0.05,, ,19.54,0.08,0.08,, ,20.24,0.11,0.11,,>,19.28,,0.01,,>,17.94,,0.01,,>,16.97,,0.01,,,21.75157503,0.121828071,,,21.14813045,0.143827046,,,21.52036407,0.154084281,,,,,,,,,0.01
 ,18.94,0.14,0.14,, ,19.09,0.12,0.12,, ,19.84,0.12,0.12,, ,18.43,0.09,0.09,, ,17.96,0.28,0.28,, ,17.22,0.35,0.35,,,20.47079846,0.033380683,,,21.02218674,0.109474071,,,20.36770281,0.096397827,,,,,,,,,0.01
 ,20.37,0.04,0.04,, ,20.18,0.05,0.05,, ,20.35,0.1,0.1,, ,20.14,0.34,0.34,,>,19.57,,0.01,,>,19.17,,0.01,,,22.63270133,0.067840072,,,22.43836577,0.201338954,,,22.0625459,0.202132851,,,,,,,,,0.01
 ,18.92,0.06,0.06,, ,19.21,0.08,0.08,, ,20.26,0.08,0.08,,>,19.71,,0.01,,>,18.36,,0.01,,>,17.26,,0.01,,,20.51063217,0.077877441,,,20.26432143,0.10087533,,,19.95202857,0.083558484,,,,,,,,,0.01
 ,15.44,0.01,0.01,, ,15.66,0.01,0.01,, ,17.1,0.01,0.01,, ,17.11,0.09,0.09,, ,17.01,0.17,0.17,,>,16.21,,0.01,,,17.73390036,0.024638992,,,17.99646881,0.044796462,,,17.33970179,0.037700635,,,,,,,,,0.01
 ,18.24,0.02,0.02,, ,17.3,0.01,0.01,, ,16.88,0.01,0.01,, ,15.32,0.01,0.01,, ,14.74,0.02,0.02,, ,14.04,0.03,0.03,,,21.38054556,0.080840383,,,20.98206251,0.091433936,,,20.88457587,0.119205829,,,,,,,20.53968576,0.096208273,0.096208273
 ,19.04,0.02,0.02,, ,18.97,0.06,0.06,, ,19.45,0.02,0.02,, ,17.48,0.03,0.03,, ,16.37,0.04,0.04,, ,15.45,0.01,0.01,,,21.36631591,0.098949931,,,20.75104582,0.114155739,,,20.65220579,0.140553274,,,,,,,,,0.01
 ,20.87,0.11,0.11,, ,20.64,0.01,0.01,, ,21.02,0.07,0.07,,>,21.69,,0.01,,>,18.9,,0.01,,>,17.79,,0.01,,,22.73767423,0.070797854,,,22.61663655,0.218013269,,,22.97802727,0.306177884,,,,,,,,,0.01
 ,19.7,0.02,0.02,, ,19.67,0.03,0.03,, ,20.14,0.03,0.03,, ,18.58,0.13,0.13,, ,17.42,0.04,0.04,, ,16.52,0.02,0.02,,,21.80191162,0.049417842,,,21.97653214,0.164197181,,,21.31584709,0.144879493,,,,,,,,,0.01
 ,19.14,0.02,0.02,, ,19.16,0.02,0.02,, ,19.57,0.02,0.02,, ,19.54,0.18,0.18,,>,19.16,,0.01,,>,17.59,,0.01,,,21.02973537,0.038543719,,,21.35654488,0.125774696,,,20.77147609,0.114326758,,,,,,,,,0.01
 ,20.14,0.08,0.08,, ,20.13,0.34,0.34,, ,20.45,0.34,0.34,,>,19.72,,0.01,,>,18.58,,0.01,,>,17.61,,0.01,,,22.5246636,0.161931823,,,21.36530303,0.147927441,,,20.82384542,0.151267433,,,,,,,,,0.01
 ,19.66,0.01,0.01,, ,19.51,0.02,0.02,, ,20,0.04,0.04,, ,19.65,0.18,0.18,, ,19.22,0.35,0.35,,>,17.93,,0.01,,,21.89783457,0.051144102,,,21.90655438,0.159255204,,,21.47235845,0.155255789,,,,,,,,,0.01
>,20.53,0.01,0.01,,>,20.73,,0.01,, ,20.8,0.2,0.2,,>,20.9,,0.01,,>,19.25,,0.01,,>,17.57,,0.01,,,22.81609137,0.104975776,,,21.85072115,0.132158731,,,22.90644143,0.292141706,,,,,,,21.49069373,0.145806478,0.145806478
 ,19,0.02,0.02,, ,18.89,0.05,0.05,, ,19.77,0.08,0.08,, ,19.34,0.31,0.31,,>,18.65,,0.01,,>,17.69,,0.01,,,20.97850691,0.037987961,,,20.956026,0.106564443,,,21.65126309,0.168106985,,,,,,,,,0.01
 ,18.39,0.03,0.03,, ,18.21,0.02,0.02,, ,18.66,0.02,0.02,, ,18.32,0.07,0.07,, ,17.79,0.12,0.12,, ,17.13,0.14,0.14,,,20.8064311,0.036249908,,,21.15368474,0.115557849,,,19.89414001,0.079547774,,,,,,,,,0.01
 ,20.11,0.04,0.04,, ,20.12,0.04,0.04,, ,20.64,0.07,0.07,, ,19.95,0.23,0.23,,>,19.69,,0.01,,>,18.81,,0.01,,,22.36574531,0.15103332,,,22.10363572,0.204533222,,,20.93657463,0.158812043,,,,,,,,,0.01
 ,20.4,0.11,0.11,, ,20.22,0.04,0.04,, ,20.37,0.02,0.02,, ,19.77,0.16,0.16,, ,19.14,0.29,0.29,, ,18.04,0.16,0.16,,,22.59716489,0.066874513,,,21.80737639,0.152532372,,,22.82050206,0.284967986,,,,,,,,,0.01
 ,20.1,0.04,0.04,, ,20.04,0.06,0.06,, ,20.58,0.09,0.09,, ,18.87,0.07,0.07,, ,18.09,0.22,0.22,, ,17.24,0.27,0.27,,,21.6573195,0.111536847,,,21.80187462,0.178946458,,,22.66659407,0.343834787,,,,,,,,,0.01
 ,18.21,0.01,0.01,, ,18.35,0.01,0.01,, ,19.47,0.03,0.03,, ,19.77,0.26,0.26,,>,18.9,,0.01,,>,18.63,,0.01,,,20.44170435,0.07623736,,,20.09675872,0.094762878,,,22.45448658,0.231644376,,,,,,,,,0.01
 ,19.44,0.12,0.12,, ,19.57,0.11,0.11,, ,20.56,0.15,0.15,,>,20.04,,0.01,,>,18.9,,0.01,,>,18.29,,0.01,,,21.26697235,0.101007912,,,20.91334641,0.130446602,,,21.45048631,0.149582125,,,,,,,,,0.01
 ,19.44,0.12,0.12,, ,19.57,0.11,0.11,, ,20.56,0.15,0.15,,>,20.04,,0.01,,>,18.9,,0.01,,>,18.29,,0.01,,,21.11411569,0.078616206,,,20.69094007,0.08131958,,,20.87552428,0.118749418,,,,,,,20.07597788,0.079234014,0.079234014
 ,18.51,0.07,0.07,, ,18.27,0.05,0.05,, ,18.99,0.03,0.03,, ,18.24,0.05,0.05,, ,17.68,0.04,0.04,, ,17.44,0.09,0.09,,,20.51355221,0.033710848,,,20.88982109,0.1037505,,,20.78853625,0.115166251,,,,,,,,,0.01
 ,17.58,0.01,0.01,, ,17.94,0.01,0.01,, ,19.33,0.04,0.04,, ,19.38,0.09,0.09,,>,19.41,,0.01,,>,18.36,,0.01,,,19.22023772,0.071611212,,,18.72442666,0.043124831,,,20.52260481,0.102475852,,,,,,,19.49301238,0.062895475,0.062895475
 ,17.58,0.01,0.01,, ,17.94,0.01,0.01,, ,19.33,0.04,0.04,, ,19.38,0.09,0.09,,>,19.41,,0.01,,>,18.36,,0.01,,,19.29380807,0.057406355,,,18.85745621,0.064051353,,,18.93345489,0.061913695,,,,,,,,,0.01
 ,19.57,0.03,0.03,, ,19.7,0.01,0.01,, ,20.64,0.05,0.05,,>,20.46,,0.01,,>,19.21,,0.01,,>,18.27,,0.01,,,21.34476098,0.042382598,,,22.02480323,0.167705011,,,21.57118838,0.162219399,,,,,,,,,0.01
 ,19.85,0.04,0.04,, ,19.97,0.02,0.02,, ,20.8,0.12,0.12,,>,19.99,,0.01,,>,18.62,,0.01,,>,17.52,,0.01,,,21.49075496,0.044427727,,,22.41831932,0.199550761,,,21.21312569,0.138481047,,,,,,,,,0.01
 ,18.36,0.02,0.02,, ,18.65,0.03,0.03,, ,20.09,0.08,0.08,,>,20.18,,0.01,,>,19.04,,0.01,,>,18.55,,0.01,,,19.77650184,0.063604411,,,19.85952149,0.087025735,,,19.69635319,0.076789263,,,,,,,,,0.01
 ,17.67,0.02,0.02,, ,16.47,0.01,0.01,, ,15.99,0.01,0.01,, ,14.43,0.01,0.01,, ,13.83,0.02,0.02,, ,13.13,0.01,0.01,,,22.08550532,0.089583259,,,21.83244408,0.131110316,,,20.37623751,0.096536106,,,,,,,21.73445792,0.162596291,0.162596291
 ,17.79,0.04,0.04,, ,17.82,0.05,0.05,, ,18.91,0.03,0.03,, ,18.66,0.1,0.1,,>,17.14,,0.01,,>,16.29,,0.01,,,19.59094618,0.02842534,,,19.96043777,0.073147722,,,19.8630343,0.078579317,,,,,,,,,0.01
 ,17.79,0.04,0.04,, ,17.82,0.05,0.05,, ,18.91,0.03,0.03,, ,18.66,0.1,0.1,,>,17.14,,0.01,,>,16.29,,0.01,,,19.55726541,0.052920292,,,19.28254108,0.066375404,,,20.81547522,0.150723681,,,,,,,,,0.01
 ,16.03,0.11,0.11,, ,16.18,0.06,0.06,, ,17.43,0.04,0.04,, ,16.21,0.04,0.04,, ,14.93,0.03,0.03,, ,14.09,0.04,0.04,,,18.3232493,0.025279299,,,18.6465831,0.050437211,,,18.09652419,0.044057755,,,,,,,,,0.01
 ,17.96,0.02,0.02,, ,17.81,0.01,0.01,, ,18.85,0.05,0.05,, ,18.39,0.2,0.2,,>,17.95,,0.01,,>,17.4,,0.01,,,20.15838836,0.031246808,,,20.32716628,0.083411516,,,20.05642188,0.084864553,,,,,,,,,0.01
 ,16.87,0.01,0.01,, ,15.5,0.01,0.01,, ,14.75,0.01,0.01,, ,13.02,0.01,0.01,, ,12.24,0.01,0.01,, ,11.46,0.01,0.01,,,20.0234413,0.067669876,,,20.02611397,0.092350356,,,19.74105803,0.077900075,,,,,,,,,0.01
 ,18.19,0.01,0.01,, ,18.46,0.01,0.01,, ,19.8,0.03,0.03,, ,19.12,0.27,0.27,, ,18.38,0.35,0.35,, ,17.54,0.33,0.33,,,20.0933218,0.03085941,,,20.33033065,0.08350954,,,19.86869374,0.07875434,,,,,,,,,0.01
 ,18.19,0.01,0.01,, ,18.46,0.01,0.01,, ,19.8,0.03,0.03,, ,19.12,0.27,0.27,, ,18.38,0.35,0.35,, ,17.54,0.33,0.33,,,20.39586532,0.075184506,,,20.26210324,0.100790705,,,20.25856321,0.09311086,,,,,,,,,0.01
 ,18.2,0.07,0.07,, ,18.41,0.07,0.07,, ,19.51,0.07,0.07,,>,19.6,,0.01,,>,18.74,,0.01,,>,17.78,,0.01,,,19.92275207,0.029927705,,,20.31450471,0.083020994,,,19.49957499,0.068379196,,,,,,,,,0.01
 ,16.93,0.02,0.02,, ,17.23,0.02,0.02,, ,18.55,0.06,0.06,, ,18.48,0.24,0.24,, ,17.7,0.01,0.01,,>,16.82,,0.01,,,18.67641534,0.025852962,,,18.76495067,0.051780859,,,18.61782552,0.050786121,,,,,,,,,0.01
 ,18.84,0.02,0.02,, ,18.7,0.01,0.01,, ,19.62,0.04,0.04,, ,18.74,0.16,0.16,,>,18.05,,0.01,,>,17.15,,0.01,,,20.78176388,0.036016369,,,21.02287636,0.109504924,,,21.62981039,0.166507592,,,,,,,,,0.01
 ,17.07,0.01,0.01,, ,17.4,0.01,0.01,, ,18.84,0.03,0.03,, ,18.91,0.21,0.21,,>,18.18,,0.01,,>,17.12,,0.01,,,19.10617994,0.055523565,,,18.69713225,0.061550081,,,20.46789931,0.100640891,,,,,,,,,0.01
 ,18.63,0.01,0.01,, ,18.89,0.01,0.01,, ,19.94,0.05,0.05,,>,20.18,,0.01,,>,19.86,,0.01,,>,18.66,,0.01,,,20.42277544,0.03302131,,,20.58296424,0.091906437,,,20.23586554,0.091288273,,,,,,,,,0.01
 ,19.3,0.16,0.16,,>,19.36,,0.01,, ,20.49,0.33,0.33,,>,19.96,,0.01,,>,18.19,,0.01,,>,17.31,,0.01,,,21.22427192,0.040825419,,,21.60602822,0.139845186,,,21.03332312,0.128017387,,,,,,,,,0.01
 ,18.79,0.03,0.03,, ,18.72,0.01,0.01,, ,19.13,0.02,0.02,, ,18.51,0.22,0.22,, ,17.96,0.36,0.36,,>,17.06,,0.01,,,20.96109001,0.037803118,,,22.06457334,0.170657125,,,21.35216382,0.147218316,,,,,,,,,0.01
 ,19.97,0.02,0.02,, ,19.7,0.02,0.02,, ,19.67,0.01,0.01,, ,18.99,0.12,0.12,, ,18.35,0.14,0.14,, ,17.77,0.19,0.19,,,22.19257906,0.057061595,,,22.34927929,0.193521275,,,21.34437353,0.146713175,,,,,,,,,0.01
 ,16.2,0.03,0.03,, ,16.55,0.02,0.02,, ,18.04,0.04,0.04,, ,18.23,0.13,0.13,, ,18.24,0.28,0.28,, ,17.68,0.29,0.29,,,17.90166263,0.024788889,,,18.26139574,0.046773796,,,17.70483612,0.040342241,,,,,,,,,0.01
 ,19.99,0.04,0.04,, ,20.01,0.04,0.04,, ,20.3,0.08,0.08,, ,18.67,0.15,0.15,, ,18.04,0.2,0.2,,>,17.28,,0.01,,,22.24036693,0.09221417,,,22.63652476,0.187159196,,,22.00508827,0.194538659,,,,,,,21.39821627,0.139928363,0.139928363
 ,19.17,0.04,0.04,, ,19.22,0.01,0.01,, ,20.13,0.14,0.14,,>,19.71,,0.01,,>,17.93,,0.01,,>,16.9,,0.01,,,21.47433098,0.044188664,,,21.64710302,0.142332687,,,21.30406635,0.144129526,,,,,,,,,0.01
 ,16.16,0.01,0.01,, ,16,0.01,0.01,, ,16.99,0.01,0.01,, ,16.55,0.05,0.05,, ,16.33,0.06,0.06,, ,16.17,0.13,0.13,,,19.05111968,0.026681723,,,19.08309834,0.055982125,,,18.97852826,0.056909804,,,,,,,,,0.01
 ,16.28,0.01,0.01,, ,16.67,0.01,0.01,, ,18.13,0.01,0.01,, ,18.41,0.14,0.14,, ,18.89,0.35,0.35,, ,18.9,0.21,0.21,,,18.06363116,0.024956256,,,18.53577691,0.049277029,,,17.74622212,0.040688371,,,,,,,,,0.01
 ,18.84,0.02,0.02,, ,19.11,0.03,0.03,, ,20.1,0.04,0.04,, ,19.32,0.21,0.21,, ,17.82,0.21,0.21,, ,16.94,0.18,0.18,,,20.49695893,0.033581548,,,21.29936389,0.12278859,,,20.86209936,0.118867835,,,,,,,,,0.01
 ,19.41,0.04,0.04,, ,19.34,0.03,0.03,, ,19.66,0.05,0.05,, ,19.42,0.32,0.32,,>,18.28,,0.01,,>,17.25,,0.01,,,21.60008127,0.083068688,,,21.44929467,0.111154702,,,21.11443922,0.131508789,,,,,,,20.34363536,0.088547438,0.088547438
 ,19.41,0.04,0.04,, ,19.34,0.03,0.03,, ,19.66,0.05,0.05,, ,19.42,0.32,0.32,,>,18.28,,0.01,,>,17.25,,0.01,,,21.51459621,0.044778913,,,21.99676565,0.165657585,,,21.05557765,0.129263608,,,,,,,,,0.01
 ,19.39,0.02,0.02,, ,18.61,0.01,0.01,, ,18.24,0.02,0.02,, ,16.71,0.04,0.04,, ,16.21,0.08,0.08,, ,15.59,0.06,0.06,,,22.94951863,0.10871737,,,22.24549941,0.157215016,,,21.27587796,0.141018493,,,,,,,24.55422389,0.588525306,0.588525306
 ,17.6,0.01,0.01,, ,17.94,0.01,0.01,, ,19.37,0.03,0.03,,>,18.96,,0.01,,>,17.5,,0.01,,>,16.45,,0.01,,,19.28399051,0.027342278,,,19.44051192,0.061877944,,,18.96498439,0.056655121,,,,,,,,,0.01
 ,15.66,0.09,0.09,, ,15.91,0.08,0.08,, ,17.23,0.05,0.05,, ,17.25,0.1,0.1,,>,17.34,,0.01,,>,16.47,,0.01,,,18.01409357,0.024902515,,,18.30957908,0.047177704,,,17.92166753,0.042273663,,,,,,,,,0.01
 ,18.64,0.02,0.02,, ,18.67,0.02,0.02,, ,19.63,0.02,0.02,, ,19.28,0.18,0.18,,>,18.33,,0.01,,>,17.26,,0.01,,,21.16647633,0.040118388,,,21.35193419,0.125530736,,,20.98514313,0.125365131,,,,,,,,,0.01
 ,17.39,0.05,0.05,, ,17.64,0.06,0.06,, ,19.06,0.08,0.08,,>,19.1,,0.01,,>,18.62,,0.01,,>,17.9,,0.01,,,18.88440255,0.026280792,,,19.39903843,0.061123101,,,19.06552697,0.058594947,,,,,,,,,0.01
 ,18.74,0.06,0.06,, ,17.52,0.02,0.02,, ,16.98,0.01,0.01,, ,15.28,0.01,0.01,, ,14.55,0.02,0.02,, ,13.78,0.03,0.03,,,22.89368045,0.075497683,,,21.82135791,0.153460594,,,21.63228028,0.166690903,,,,,,,,,0.01
 ,19.49,0.05,0.05,, ,18.75,0.02,0.02,, ,18.41,0.03,0.03,, ,16.91,0.06,0.06,, ,16.51,0.1,0.1,, ,15.95,0.15,0.15,,,22.90426387,0.107411358,,,22.11578198,0.148452012,,,21.80021464,0.177570851,,,,,,,21.54077609,0.149099433,0.149099433
 ,18.29,0.08,0.08,, ,18.44,0.08,0.08,, ,19.65,0.08,0.08,, ,19.27,0.18,0.18,,>,18.44,,0.01,,>,17.53,,0.01,,,20.05326307,0.073384629,,,19.75089505,0.057631901,,,20.23073314,0.091059932,,,,,,,19.07541608,0.053968875,0.053968875
 ,17.59,0.02,0.02,, ,17.87,0.02,0.02,, ,19.39,0.06,0.06,, ,19.08,0.28,0.28,,>,17.77,,0.01,,>,16.76,,0.01,,,19.29432055,0.027374576,,,19.55500773,0.064065593,,,19.5263666,0.069064479,,,,,,,,,0.01
 ,18.03,0.02,0.02,, ,17.01,0.01,0.01,, ,16.44,0.01,0.01,, ,14.66,0.01,0.01,, ,14.05,0.03,0.03,, ,13.34,0.03,0.03,,,21.60149025,0.083084281,,,21.13712353,0.097471384,,,20.78757295,0.11442015,,,,,,,20.14287893,0.0814449,0.0814449
 ,15.93,0.05,0.05,, ,16.3,0.05,0.05,, ,17.89,0.05,0.05,, ,18.22,0.07,0.07,,>,17.9,,0.01,,>,16.97,,0.01,,,18.06450252,0.070584518,,,17.85348084,0.036707332,,,17.77626392,0.043306687,,,,,,,17.21337333,0.032997619,0.032997619
 ,15.93,0.05,0.05,, ,16.3,0.05,0.05,, ,17.89,0.05,0.05,, ,18.22,0.07,0.07,,>,17.9,,0.01,,>,16.97,,0.01,,,18.09224125,0.048976882,,,17.90615252,0.052601658,,,19.31799531,0.068511093,,,,,,,,,0.01
 ,17.14,0.04,0.04,, ,17.2,0.03,0.03,, ,18.54,0.1,0.1,, ,18.3,0.2,0.2,,>,18.26,,0.01,,>,17.46,,0.01,,,19.71252431,0.072498366,,,19.11209925,0.047521399,,,21.24507724,0.139145831,,,,,,,18.40454415,0.043445699,0.043445699
 ,17.14,0.04,0.04,, ,17.2,0.03,0.03,, ,18.54,0.1,0.1,, ,18.3,0.2,0.2,,>,18.26,,0.01,,>,17.46,,0.01,,,19.66722569,0.062011525,,,19.00228474,0.066551787,,,19.06680284,0.064014668,,,,,,,,,0.01
 ,16.9,0.02,0.02,, ,17.11,0.03,0.03,, ,18.41,0.05,0.05,, ,18.33,0.11,0.11,,>,17.66,,0.01,,>,17.24,,0.01,,,20.96108167,0.09043104,,,21.2863022,0.152471046,,,20.72945984,0.11133256,,,,,,,,,0.01
 ,16.9,0.02,0.02,, ,17.11,0.03,0.03,, ,18.41,0.05,0.05,, ,18.33,0.11,0.11,,>,17.66,,0.01,,>,17.24,,0.01,,,21.4590697,0.081592964,,,21.10296982,0.096100436,,,21.57812212,0.160957032,,,,,,,20.43566237,0.092050472,0.092050472
 ,20.81,0.08,0.08,, ,20.78,0.11,0.11,, ,20.9,0.15,0.15,,>,19.6,,0.01,,>,18.52,,0.01,,>,17.54,,0.01,,,22.67884792,0.06912067,,,22.74718599,0.231149066,,,22.16190129,0.211391085,,,,,,,,,0.01
 ,16.5,0.02,0.02,, ,16.9,0.06,0.06,, ,18.43,0.09,0.09,, ,18.44,0.21,0.21,,>,18.28,,0.01,,>,17.2,,0.01,,,18.78535094,0.026067691,,,18.97385555,0.054436937,,,18.29340024,0.046335132,,,,,,,,,0.01
 ,18.36,0.04,0.04,, ,18.25,0.03,0.03,, ,19.21,0.03,0.03,, ,18.64,0.18,0.18,,>,17.98,,0.01,,>,17.04,,0.01,,,20.40319848,0.032878226,,,20.91421324,0.104776065,,,21.57323687,0.162367237,,,,,,,,,0.01
 ,19.25,0.14,0.14,, ,19.39,0.15,0.15,, ,19.96,0.13,0.13,, ,18.91,0.36,0.36,, ,17.75,0.35,0.35,, ,16.81,0.34,0.34,,,21.26768185,0.04137328,,,21.79511328,0.151723425,,,22.00768131,0.197202906,,,,,,,,,0.01
 ,18.51,0.01,0.01,, ,18.7,0.01,0.01,, ,19.83,0.04,0.04,,>,20.41,,0.01,,>,18.12,,0.01,,>,16.99,,0.01,,,20.20336178,0.031525481,,,20.30022338,0.082583771,,,20.13881155,0.087740407,,,,,,,,,0.01
 ,18.51,0.01,0.01,, ,18.7,0.01,0.01,, ,19.83,0.04,0.04,,>,20.41,,0.01,,>,18.12,,0.01,,>,16.99,,0.01,,,20.55484938,0.075280556,,,20.18706321,0.067106291,,,20.2972374,0.093511549,,,,,,,19.135057,0.055120112,0.055120112
 ,17.61,0.01,0.01,, ,16.8,0.01,0.01,, ,16.4,0.01,0.01,, ,14.85,0.01,0.01,, ,14.31,0.03,0.03,, ,13.66,0.04,0.04,,,20.33610522,0.074351494,,,20.32538948,0.070630231,,,20.32530937,0.094572143,,,,,,,19.46645937,0.062264801,0.062264801
 ,17.98,0.04,0.04,, ,17.95,0.04,0.04,, ,18.89,0.03,0.03,, ,17.31,0.05,0.05,, ,16.2,0.03,0.03,, ,15.33,0.05,0.05,,,20.38432454,0.068268622,,,20.08943672,0.087879374,,,19.59859554,0.091744444,,,,,,,,,0.01
 ,18.86,0.06,0.06,, ,19.01,0.06,0.06,, ,20.22,0.13,0.13,,>,20.01,,0.01,,>,20.29,,0.01,,>,19.32,,0.01,,,21.10171568,0.078524053,,,20.66762971,0.080574111,,,22.50887862,0.243975881,,,,,,,19.64257918,0.066621304,0.066621304
 ,18.86,0.06,0.06,, ,19.01,0.06,0.06,, ,20.22,0.13,0.13,,>,20.01,,0.01,,>,20.29,,0.01,,>,19.32,,0.01,,,20.94143418,0.08981198,,,20.45813453,0.108673805,,,21.23685297,0.136753035,,,,,,,,,0.01
 ,17.65,0.01,0.01,, ,17.86,0.01,0.01,, ,19.17,0.02,0.02,, ,19.19,0.17,0.17,,>,18.73,,0.01,,>,17.73,,0.01,,,19.62185831,0.072304332,,,19.26979283,0.049656389,,,19.68752288,0.073972543,,,,,,,18.45968739,0.044158735,0.044158735
 ,17.65,0.01,0.01,, ,17.86,0.01,0.01,, ,19.17,0.02,0.02,, ,19.19,0.17,0.17,,>,18.73,,0.01,,>,17.73,,0.01,,,19.56359305,0.060608587,,,19.29544345,0.072386117,,,21.7718001,0.171632134,,,,,,,,,0.01
 ,17.91,0.03,0.03,, ,18.19,0.01,0.01,, ,19.38,0.05,0.05,, ,19.13,0.2,0.2,, ,18.5,0.28,0.28,, ,17.77,0.33,0.33,,,19.60047154,0.02846333,,,19.96274003,0.073205724,,,19.41763066,0.0663449,,,,,,,,,0.01
 ,17.39,0.03,0.03,, ,17.35,0.01,0.01,, ,18.23,0.03,0.03,, ,17.96,0.14,0.14,,>,17.9,,0.01,,>,16.78,,0.01,,,20.26485016,0.031921404,,,19.91437965,0.07200342,,,19.7676785,0.075707904,,,,,,,,,0.01
 ,17.66,0.02,0.02,, ,17.78,0.03,0.03,, ,19,0.04,0.04,, ,18.96,0.18,0.18,,>,18.26,,0.01,,>,17.71,,0.01,,,19.89226816,0.072932535,,,19.3228997,0.050425108,,,19.76638041,0.076152124,,,,,,,18.91589803,0.051075926,0.051075926
 ,19.73,0.03,0.03,, ,19.76,0.02,0.02,, ,20.45,0.03,0.03,,>,20.85,,0.01,,>,19.04,,0.01,,>,18.13,,0.01,,,22.20122009,0.091520659,,,21.50063054,0.113615614,,,21.72276341,0.171575505,,,,,,,20.60654522,0.098995938,0.098995938
 ,19.73,0.03,0.03,, ,19.76,0.02,0.02,, ,20.45,0.03,0.03,,>,20.85,,0.01,,>,19.04,,0.01,,>,18.13,,0.01,,,21.55166201,0.112583254,,,22.06477646,0.213812085,,,21.48836384,0.152003136,,,,,,,,,0.01
 ,19.96,0.05,0.05,, ,19.81,0.04,0.04,, ,20.23,0.07,0.07,,>,19.32,,0.01,,>,18.42,,0.01,,>,17.56,,0.01,,,21.81242774,0.049602568,,,21.9226785,0.160379115,,,21.87575059,0.185857268,,,,,,,,,0.01
 ,17.48,0.01,0.01,, ,17.71,0.02,0.02,, ,19,0.04,0.04,, ,18.64,0.12,0.12,,>,18.29,,0.01,,>,17.33,,0.01,,,19.2921397,0.027367735,,,19.20413622,0.057829123,,,19.17123907,0.060760671,,,,,,,,,0.01
 ,19.89,0.22,0.22,,>,20.45,,0.01,, ,20.4,0.12,0.12,, ,18.43,0.16,0.16,, ,17.33,0.16,0.16,, ,16.4,0.17,0.17,,,21.60409047,0.046141984,,,22.20957549,0.181912015,,,21.42656465,0.152138884,,,,,,,,,0.01
 ,16.54,0.01,0.01,, ,16.99,0.01,0.01,, ,18.56,0.04,0.04,, ,18.7,0.17,0.17,,>,18.88,,0.01,,>,17.81,,0.01,,,17.88778294,0.024775627,,,18.43143452,0.048265603,,,17.98717962,0.04291718,,,,,,,,,0.01
 ,16.54,0.01,0.01,, ,16.99,0.01,0.01,, ,18.56,0.04,0.04,, ,18.7,0.17,0.17,,>,18.88,,0.01,,>,17.81,,0.01,,,18.08646134,0.048952865,,,17.89010887,0.052468636,,,19.387788,0.06989504,,,,,,,,,0.01
 ,18.3,0.02,0.02,, ,18.61,0.03,0.03,, ,19.98,0.09,0.09,,>,19.76,,0.01,, ,18.13,0.2,0.2,, ,17.25,0.22,0.22,,,20.39643427,0.032829242,,,20.88799767,0.103674354,,,20.29914228,0.09369798,,,,,,,,,0.01
 ,19.83,0.01,0.01,, ,19.52,0.03,0.03,, ,19.52,0.03,0.03,, ,18.77,0.15,0.15,, ,18.34,0.25,0.25,, ,18.03,0.26,0.26,,,22.35612446,0.060777187,,,22.73851475,0.230251217,,,21.92752774,0.19022592,,,,,,,,,0.01
 ,20.33,0.18,0.18,, ,20.46,0.03,0.03,, ,20.67,0.06,0.06,, ,19.75,0.25,0.25,,>,18.71,,0.01,,>,17.7,,0.01,,,22.48338046,0.063900152,,,22.97134047,0.255679556,,,22.15014814,0.210273203,,,,,,,,,0.01
 ,19.79,0.01,0.01,, ,19.67,0.02,0.02,, ,19.99,0.02,0.02,, ,18.67,0.12,0.12,, ,18.01,0.26,0.26,, ,17.13,0.21,0.21,,,21.99211723,0.088136415,,,21.45190833,0.11127849,,,21.27354927,0.140875926,,,,,,,20.92090862,0.113401853,0.113401853
 ,18.49,0.01,0.01,, ,18.73,0.01,0.01,, ,19.83,0.02,0.02,,>,20.07,,0.01,,>,18.56,,0.01,,>,17.47,,0.01,,,20.19838299,0.031494183,,,20.67483648,0.095253923,,,20.30271753,0.093836462,,,,,,,,,0.01
 ,19.18,0.07,0.07,, ,19.4,0.07,0.07,, ,20.62,0.16,0.16,,>,19.19,,0.01,,>,18.07,,0.01,,>,17.02,,0.01,,,20.61027214,0.080373166,,,20.57573323,0.113813391,,,22.14087177,0.201621243,,,,,,,,,0.01
 ,17.6,0.04,0.04,, ,17.87,0.06,0.06,, ,19.22,0.09,0.09,,>,18.57,,0.01,,>,17.94,,0.01,,>,17.77,,0.01,,,19.12016152,0.026864633,,,19.50709813,0.063131347,,,19.16082832,0.060541478,,,,,,,,,0.01
 ,18.74,0.01,0.01,, ,19.01,0.01,0.01,, ,19.84,0.07,0.07,, ,18.6,0.14,0.14,, ,18.02,0.12,0.12,, ,17.3,0.17,0.17,,,20.67424224,0.035041858,,,21.1955621,0.117582253,,,20.48041777,0.101044655,,,,,,,,,0.01
 ,20.02,0.04,0.04,, ,19.92,0.02,0.02,, ,20.75,0.02,0.02,,>,20.56,,0.01,,>,19.57,,0.01,,>,18.65,,0.01,,,22.23767429,0.142840271,,,21.73705173,0.173916463,,,21.51043077,0.204309745,,,,,,,,,0.01
 ,20.2,0.08,0.08,, ,19.73,0.04,0.04,, ,19.67,0.02,0.02,, ,18.85,0.21,0.21,,>,18.18,,0.01,,>,17.23,,0.01,,,22.87946172,0.075053732,,,22.67473833,0.223759407,,,22.70006712,0.269769587,,,,,,,,,0.01
 ,18.28,0.02,0.02,, ,18.37,0.03,0.03,, ,19.45,0.09,0.09,, ,18.75,0.17,0.17,,>,18.12,,0.01,,>,17.1,,0.01,,,20.03808195,0.030544701,,,20.93316596,0.105581912,,,20.35892819,0.096047039,,,,,,,,,0.01
 ,19.23,0.03,0.03,, ,19.48,0.04,0.04,, ,20.72,0.13,0.13,,>,20.02,,0.01,,>,18.76,,0.01,,>,17.82,,0.01,,,20.92915701,0.077335434,,,20.72248907,0.082343169,,,21.74229118,0.173066264,,,,,,,19.71546752,0.068547605,0.068547605
 ,19.23,0.03,0.03,, ,19.48,0.04,0.04,, ,20.72,0.13,0.13,,>,20.02,,0.01,,>,18.76,,0.01,,>,17.82,,0.01,,,21.01884471,0.092291709,,,21.77842387,0.188515359,,,20.36293819,0.096757102,,,,,,,,,0.01
 ,17.01,0.01,0.01,, ,17.27,0.01,0.01,, ,18.7,0.01,0.01,, ,18.53,0.1,0.1,, ,17.55,0.16,0.16,, ,16.72,0.17,0.17,,,18.92472045,0.02637272,,,19.18401312,0.05751187,,,18.8861882,0.055213258,,,,,,,,,0.01
 ,17.28,0.01,0.01,, ,17.28,0.01,0.01,, ,18.47,0.01,0.01,, ,18.21,0.04,0.04,,>,18.6,,0.01,,>,17.75,,0.01,,,19.25628978,0.027256988,,,19.52552549,0.063487432,,,19.67601703,0.073082006,,,,,,,,,0.01
 ,19.75,0.03,0.03,, ,19.77,0.06,0.06,, ,20.3,0.06,0.06,, ,19.6,0.26,0.26,,>,19.5,,0.01,,>,18.86,,0.01,,,21.62858381,0.046527624,,,21.58640425,0.138674388,,,21.52636377,0.159020319,,,,,,,,,0.01
 ,19.25,0.02,0.02,, ,19.39,0.04,0.04,, ,20.62,0.22,0.22,,>,19.84,,0.01,,>,17.33,,0.01,,>,16.42,,0.01,,,20.89214329,0.037091397,,,21.29747325,0.122691311,,,20.91870274,0.121808296,,,,,,,,,0.01
 ,19.59,0.04,0.04,, ,19.54,0.12,0.12,, ,20.29,0.1,0.1,, ,19.33,0.17,0.17,,>,18.46,,0.01,,>,17.27,,0.01,,,21.88434383,0.128523451,,,21.69654959,0.181902365,,,21.39173699,0.145916241,,,,,,,,,0.01
 ,17.76,0.03,0.03,, ,17.97,0.03,0.03,, ,19.3,0.04,0.04,, ,18.5,0.11,0.11,, ,16.65,0.04,0.04,, ,15.19,0.03,0.03,,,19.57783036,0.028373491,,,20.09940678,0.076789655,,,19.39901812,0.065895562,,,,,,,,,0.01
 ,17.78,0.02,0.02,, ,18,0.02,0.02,, ,19.41,0.03,0.03,,>,19.12,,0.01,,>,17.94,,0.01,,>,17.01,,0.01,,,19.52973786,0.072122628,,,19.19028562,0.048552932,,,19.45949939,0.068184674,,,,,,,18.43772137,0.043871749,0.043871749
 ,15.5,0.01,0.01,, ,15.85,0.01,0.01,, ,17.26,0.04,0.04,, ,17.19,0.16,0.16,,>,16.59,,0.01,,>,15.65,,0.01,,,18.02029268,0.070562788,,,17.62358883,0.03560857,,,17.71968243,0.04286649,,,,,,,16.91776661,0.031518975,0.031518975
 ,19.16,0.03,0.03,, ,19.27,0.04,0.04,, ,20.11,0.05,0.05,, ,18.9,0.04,0.04,, ,18.21,0.19,0.19,, ,17.49,0.26,0.26,,,21.10441421,0.095162249,,,20.94190974,0.131990759,,,21.29753577,0.140258418,,,,,,,,,0.01
 ,18.71,0.02,0.02,, ,18.87,0.01,0.01,, ,20.09,0.06,0.06,,>,19.5,,0.01,,>,18.67,,0.01,,>,17.82,,0.01,,,20.38183075,0.032724277,,,21.1131496,0.113638853,,,20.9864707,0.125437382,,,,,,,,,0.01
 ,20.97,0.09,0.09,, ,20.95,0.07,0.07,, ,21.49,0.07,0.07,,>,20.06,,0.01,,>,19.34,,0.01,,>,18.41,,0.01,,,22.78242943,0.072108155,,,22.94691008,0.252878592,,,22.70769749,0.270707405,,,,,,,,,0.01
 ,19.05,0.2,0.2,, ,19.2,0.24,0.24,, ,19.64,0.13,0.13,, ,18.49,0.14,0.14,, ,17.87,0.23,0.23,, ,17.1,0.24,0.24,,,20.92383768,0.03741464,,,21.15431416,0.115587959,,,20.47858441,0.100966946,,,,,,,,,0.01
 ,19.5,0.02,0.02,, ,19.63,0.12,0.12,, ,20.49,0.05,0.05,,>,19.78,,0.01,,>,18.47,,0.01,,>,17.63,,0.01,,,21.68688461,0.047467867,,,22.2169886,0.182508733,,,22.85976224,0.290109593,,,,,,,,,0.01
 ,19.09,0.09,0.09,, ,19.24,0.04,0.04,, ,20.31,0.06,0.06,,>,19.71,,0.01,,>,18.35,,0.01,,>,17.41,,0.01,,,20.75502468,0.035767474,,,20.93397213,0.105616365,,,20.54873565,0.103991804,,,,,,,,,0.01
 ,19.58,0.01,0.01,, ,19.75,0.04,0.04,, ,20.53,0.07,0.07,,>,19.79,,0.01,,>,18.69,,0.01,, ,17.75,0.35,0.35,,,21.7801275,0.085207187,,,21.0559777,0.09425254,,,21.83067168,0.179989847,,,,,,,20.48794633,0.094113423,0.094113423
 ,17.87,0.01,0.01,, ,18.07,0.01,0.01,, ,19.38,0.11,0.11,, ,19.71,0.32,0.32,,>,18.76,,0.01,,>,17.72,,0.01,,,20.23622791,0.073982471,,,19.73060644,0.057246681,,,21.69405216,0.169408803,,,,,,,18.93607952,0.051427381,0.051427381
 ,17.87,0.01,0.01,, ,18.07,0.01,0.01,, ,19.38,0.11,0.11,, ,19.71,0.32,0.32,,>,18.76,,0.01,,>,17.72,,0.01,,,20.05395354,0.068220119,,,19.91961962,0.088889053,,,19.62470862,0.075070304,,,,,,,,,0.01
 ,19.73,0.01,0.01,, ,19.47,0.03,0.03,, ,20.44,0.08,0.08,,>,19.33,,0.01,,>,18.7,,0.01,,>,18.64,,0.01,,,21.97266109,0.127429128,,,21.80052439,0.178840078,,,21.11441362,0.171590003,,,,,,,,,0.01
 ,19.11,0.01,0.01,, ,19.21,0.01,0.01,, ,20.36,0.03,0.03,, ,20.16,0.33,0.33,,>,18.85,,0.01,,>,17.82,,0.01,,,20.60315359,0.034435061,,,20.86473336,0.102709129,,,20.73080002,0.112353415,,,,,,,,,0.01
 ,18.78,0.03,0.03,, ,18.71,0.03,0.03,, ,19.12,0.01,0.01,, ,18.8,0.1,0.1,, ,18.78,0.33,0.33,,>,17.22,,0.01,,,20.87036946,0.03687315,,,21.24034412,0.119795018,,,20.522258,0.102837625,,,,,,,,,0.01
 ,18.45,0.01,0.01,, ,18.53,0.01,0.01,, ,19.74,0.04,0.04,, ,19.27,0.05,0.05,,>,18.32,,0.01,,>,17.46,,0.01,,,20.46262774,0.074867369,,,20.2118382,0.067717831,,,20.67150977,0.108991169,,,,,,,19.43746337,0.061586399,0.061586399
 ,19.56,0.05,0.05,, ,19.72,0.07,0.07,, ,20.4,0.09,0.09,, ,19.26,0.08,0.08,,>,18.38,,0.01,, ,17.5,0.37,0.37,,,21.46634828,0.044073308,,,22.34223086,0.192916806,,,21.14715759,0.134535889,,,,,,,,,0.01
>,19.16,,0.01,,>,18.96,,0.01,,>,19.74,,0.01,,>,18.85,,0.01,,>,18.41,,0.01,,>,18.04,,0.01,,,20.53099073,0.033848337,,,20.72286804,0.097069975,,,21.21191054,0.138407234,,,,,,,,,0.01
 ,20.12,0.04,0.04,, ,20.11,0.01,0.01,, ,20.69,0.06,0.06,,>,20.15,,0.01,,>,19.27,,0.01,,>,19.28,,0.01,,,22.11415432,0.090047647,,,21.7061497,0.124114913,,,21.89034248,0.184832064,,,,,,,21.69606474,0.159821602,0.159821602
 ,19.89,0.16,0.16,, ,19.71,0.04,0.04,, ,20.63,0.08,0.08,,>,19.66,,0.01,,>,18.6,,0.01,,>,17.58,,0.01,,,21.26580268,0.041349261,,,22.0108863,0.166685271,,,21.24819862,0.140630237,,,,,,,,,0.01
 ,20.31,0.05,0.05,, ,20.27,0.02,0.02,, ,20.78,0.06,0.06,, ,19.53,0.28,0.28,,>,18.47,,0.01,,>,17.52,,0.01,,,22.41474655,0.062189811,,,22.22964271,0.183532236,,,21.68787854,0.170874777,,,,,,,,,0.01
 ,17.94,0.02,0.02,, ,18.04,0.01,0.01,, ,19.13,0.02,0.02,, ,18.97,0.13,0.13,,>,18.46,,0.01,,>,17.22,,0.01,,,19.85471924,0.072836028,,,19.91578402,0.060938319,,,19.66540859,0.073378224,,,,,,,18.76890462,0.048637621,0.048637621
 ,18.18,0.03,0.03,, ,18.41,0.01,0.01,, ,19.6,0.06,0.06,,>,19.27,,0.01,,>,17.81,,0.01,,>,16.79,,0.01,,,19.91583619,0.029892367,,,20.17579104,0.078917225,,,19.70381051,0.073864637,,,,,,,,,0.01
 ,17.14,0.01,0.01,, ,15.88,0.01,0.01,, ,15.16,0.01,0.01,, ,13.41,0.01,0.01,, ,12.71,0.02,0.02,, ,11.98,0.02,0.02,,,21.3240505,0.080327631,,,21.01232158,0.092574964,,,20.22440657,0.090831114,,,,,,,20.16122833,0.082064566,0.082064566
 ,18.7,0.08,0.08,, ,18.85,0.31,0.31,, ,19.87,0.17,0.17,,>,18.61,,0.01,, ,16.91,0.13,0.13,, ,15.63,0.07,0.07,,,21.39212136,0.099992014,,,20.6964706,0.111629676,,,20.45674563,0.129412365,,,,,,,,,0.01
 ,19.55,0.28,0.28,, ,19.54,0.21,0.21,, ,19.63,0.18,0.18,, ,18.2,0.11,0.11,, ,17.53,0.2,0.2,, ,16.88,0.27,0.27,,,21.62113816,0.046409813,,,21.65427082,0.142771941,,,21.30370179,0.144106385,,,,,,,,,0.01
 ,19.55,0.28,0.28,, ,19.54,0.21,0.21,, ,19.63,0.18,0.18,, ,18.2,0.11,0.11,, ,17.53,0.2,0.2,, ,16.88,0.27,0.27,,,21.83465908,0.085916029,,,21.99408285,0.140712173,,,21.63693676,0.16518613,,,,,,,20.59093318,0.098336746,0.098336746
 ,20.05,0.02,0.02,, ,19.94,0.03,0.03,, ,20.43,0.08,0.08,,>,19.03,,0.01,,>,17.81,,0.01,,>,16.93,,0.01,,,22.82264131,0.105151855,,,22.01831757,0.142217522,,,22.72784196,0.269393064,,,,,,,21.54443672,0.149343209,0.149343209
 ,18.74,0.01,0.01,, ,18.97,0.03,0.03,, ,20.28,0.08,0.08,, ,20.19,0.36,0.36,,>,19.19,,0.01,,>,18.27,,0.01,,,20.6305214,0.080898929,,,20.37936026,0.105406065,,,22.03877381,0.192782335,,,,,,,,,0.01
 ,17.3,0.06,0.06,, ,17.65,0.07,0.07,, ,18.94,0.18,0.18,, ,18.26,0.08,0.08,,>,15.35,,0.01,,>,15.41,,0.01,,,19.24305922,0.027216921,,,20.23101901,0.080513306,,,19.30048991,0.063593189,,,,,,,,,0.01
 ,19.89,0.04,0.04,, ,19.93,0.02,0.02,, ,20.51,0.08,0.08,, ,19.09,0.12,0.12,, ,18.73,0.33,0.33,,>,17.82,,0.01,,,21.80428545,0.085517545,,,21.4811232,0.112673116,,,22.10587832,0.203511599,,,,,,,20.56187134,0.097123101,0.097123101
 ,18.73,0.02,0.02,, ,19.01,0.02,0.02,, ,20.19,0.06,0.06,, ,19.85,0.28,0.28,,>,18.18,,0.01,,>,17.23,,0.01,,,20.29326049,0.032110308,,,20.7356075,0.097559414,,,19.74567021,0.075065608,,,,,,,,,0.01
 ,16.83,0.16,0.16,, ,17.05,0.12,0.12,, ,18.51,0.16,0.16,, ,18.84,0.26,0.26,,>,18.11,,0.01,,>,17.19,,0.01,,,18.67233629,0.025845299,,,18.77987137,0.051958226,,,18.245779,0.045756707,,,,,,,,,0.01
 ,19.13,0.04,0.04,, ,19.32,0.05,0.05,, ,20.11,0.07,0.07,, ,19.63,0.32,0.32,,>,18.21,,0.01,, ,17.94,0.19,0.19,,,20.84371545,0.036610167,,,21.03948539,0.110251266,,,20.98471096,0.125341621,,,,,,,,,0.01
 ,18.66,0.01,0.01,, ,18.82,0.02,0.02,, ,19.64,0.04,0.04,, ,17.86,0.04,0.04,, ,16.7,0.07,0.07,, ,15.81,0.08,0.08,,,20.31203148,0.032237233,,,20.69495003,0.096008807,,,22.20716655,0.215754541,,,,,,,,,0.01
 ,18.66,0.01,0.01,, ,18.82,0.02,0.02,, ,19.64,0.04,0.04,, ,17.86,0.04,0.04,, ,16.7,0.07,0.07,, ,15.81,0.08,0.08,,,20.86601531,0.076941596,,,20.73367259,0.082710094,,,20.12093581,0.087194701,,,,,,,19.45172617,0.061918762,0.061918762
 ,18.69,0.01,0.01,, ,18.9,0.02,0.02,, ,20.36,0.01,0.01,,>,20.84,,0.01,,>,18.18,,0.01,,>,17.64,,0.01,,,20.32727546,0.03234156,,,20.74764026,0.098024724,,,20.33495416,0.095096514,,,,,,,,,0.01
 ,19.97,0.04,0.04,, ,20.03,0.05,0.05,, ,20.78,0.07,0.07,,>,20.11,,0.01,,>,18.77,,0.01,,>,17.95,,0.01,,,21.9748364,0.133356788,,,21.47793221,0.165483342,,,22.8530397,0.276867375,,,,,,,,,0.01
 ,19.43,0.04,0.04,, ,19.42,0.03,0.03,, ,20.64,0.09,0.09,, ,20.21,0.19,0.19,, ,18.88,0.25,0.25,, ,18.05,0.3,0.3,,,20.74179794,0.035645976,,,20.59215166,0.092233874,,,21.15871121,0.135217793,,,,,,,,,0.01
 ,18.15,0.07,0.07,, ,18.12,0.04,0.04,, ,18.94,0.04,0.04,, ,18.83,0.29,0.29,,>,19.09,,0.01,,>,18.01,,0.01,,,21.55961483,0.082628182,,,20.92179525,0.089213358,,,20.75746848,0.112981466,,,,,,,20.64323267,0.100565109,0.100565109
 ,18.15,0.07,0.07,, ,18.12,0.04,0.04,, ,18.94,0.04,0.04,, ,18.83,0.29,0.29,,>,19.09,,0.01,,>,18.01,,0.01,,,22.34906761,0.155878064,,,20.75692501,0.122378898,,,19.87196416,0.081328075,,,,,,,,,0.01
 ,19.23,0.03,0.03,, ,19.63,0.02,0.02,, ,20.83,0.02,0.02,,>,21.08,,0.01,,>,18.24,,0.01,,>,18.51,,0.01,,,21.07872492,0.039092369,,,20.99772927,0.108386938,,,21.18932236,0.137043,,,,,,,,,0.01
 ,20.4,0.08,0.08,, ,20.49,0.07,0.07,, ,21.44,0.11,0.11,,>,23.56,,0.01,,>,19.42,,0.01,,>,18.43,,0.01,,,22.49073789,0.159534587,,,22.0340415,0.198300866,,,20.93754002,0.158878465,,,,,,,,,0.01
 ,19.45,0.04,0.04,, ,19.45,0.07,0.07,, ,20.48,0.1,0.1,,>,20.32,,0.01,,>,18.76,,0.01,,>,17.79,,0.01,,,21.19946465,0.040518845,,,21.32421898,0.124076072,,,21.27101791,0.142048175,,,,,,,,,0.01
 ,17.73,0.01,0.01,, ,17.97,0.02,0.02,, ,19.18,0.01,0.01,, ,18.81,0.15,0.15,, ,18.16,0.09,0.09,, ,17.43,0.12,0.12,,,19.91356369,0.029880795,,,20.0648502,0.07585689,,,19.44914716,0.067116424,,,,,,,,,0.01
 ,20.54,0.06,0.06,, ,20.62,0.04,0.04,, ,21.39,0.12,0.12,,>,20.28,,0.01,,>,18.72,,0.01,,>,17.78,,0.01,,,22.60301388,0.173739345,,,22.06398311,0.213737083,,,22.09472605,0.197572377,,,,,,,,,0.01
 ,19.68,0.03,0.03,, ,19.74,0.03,0.03,, ,20.36,0.1,0.1,,>,19.63,,0.01,, ,18.26,0.06,0.06,,>,17.28,,0.01,,,21.82554592,0.049834547,,,22.25086594,0.185262825,,,21.40495423,0.150691542,,,,,,,,,0.01
 ,19.9,0.09,0.09,, ,19.63,0.08,0.08,, ,20.15,0.16,0.16,,>,18.87,,0.01,,>,17.58,,0.01,,>,16.64,,0.01,,,22.86683651,0.188420258,,,21.73009222,0.173385705,,,21.58322778,0.211028959,,,,,,,,,0.01
 ,19.57,0.02,0.02,, ,19.66,0.01,0.01,, ,20.68,0.01,0.01,,>,19.62,,0.01,,>,18.08,,0.01,,>,17.37,,0.01,,,21.20893877,0.040635375,,,21.68095253,0.14442069,,,21.1683667,0.135790596,,,,,,,,,0.01
 ,17.3,0.05,0.05,, ,17.68,0.02,0.02,, ,19.28,0.09,0.09,, ,19.15,0.04,0.04,, ,19.11,0.35,0.35,,>,18.51,,0.01,,,18.93709357,0.045736309,,,18.67406815,0.055812084,,,17.97022057,0.055165908,,,,,,,,,0.01
 ,17.69,0.02,0.02,, ,18.03,0.03,0.03,, ,19.44,0.05,0.05,, ,18.97,0.2,0.2,,>,17.94,,0.01,, ,17.35,0.12,0.12,,,18.93786853,0.026403373,,,19.19861874,0.057741725,,,19.05959257,0.058477256,,,,,,,,,0.01
 ,19.16,0.02,0.02,, ,19.35,0.02,0.02,, ,20.47,0.03,0.03,, ,20.12,0.29,0.29,, ,18.61,0.2,0.2,, ,17.57,0.15,0.15,,,20.68761452,0.035159283,,,21.26753519,0.121163157,,,21.04588698,0.128719288,,,,,,,,,0.01
 ,19.89,0.05,0.05,, ,20.06,0.02,0.02,, ,20.92,0.05,0.05,,>,21.19,,0.01,,>,19.63,,0.01,,>,18.62,,0.01,,,21.82820166,0.04988172,,,21.748294,0.148679072,,,22.20614354,0.215654898,,,,,,,,,0.01
 ,17.48,0.01,0.01,, ,17.86,0.02,0.02,, ,19.52,0.04,0.04,,>,20.72,,0.01,,>,18.2,,0.01,,>,17.18,,0.01,,,18.80478345,0.026108113,,,18.9306118,0.053855765,,,20.45650807,0.100036813,,,,,,,,,0.01
 ,17.48,0.01,0.01,, ,17.86,0.02,0.02,, ,19.52,0.04,0.04,,>,20.72,,0.01,,>,18.2,,0.01,,>,17.18,,0.01,,,18.97058675,0.071290863,,,18.68000531,0.04269099,,,18.81448011,0.055426631,,,,,,,17.92513844,0.038204161,0.038204161
 ,18.27,0.01,0.01,, ,17.54,0.01,0.01,, ,17.06,0.01,0.01,, ,15.55,0.04,0.04,, ,14.98,0.05,0.05,, ,14.33,0.07,0.07,,,22.13163721,0.090335909,,,21.40902105,0.109267395,,,20.265215,0.092320457,,,,,,,21.08698127,0.121949276,0.121949276
 ,19.93,0.06,0.06,, ,19.91,0.04,0.04,, ,20.31,0.06,0.06,,>,19.14,,0.01,,>,18.27,,0.01,,>,17.23,,0.01,,,22.2336646,0.092094028,,,22.18444005,0.153022334,,,21.43509128,0.151158134,,,,,,,21.38435051,0.139069127,0.139069127
 ,20.08,0.11,0.11,, ,19.65,0.03,0.03,, ,20.06,0.02,0.02,, ,19.23,0.14,0.14,, ,18.78,0.27,0.27,, ,17.91,0.31,0.31,,,22.41817629,0.062273821,,,22.81008046,0.237772524,,,21.7783118,0.177920374,,,,,,,,,0.01
 ,19.18,0.02,0.02,, ,19.46,0.02,0.02,, ,20.7,0.1,0.1,,>,20.52,,0.01,,>,19.28,,0.01,,>,17.78,,0.01,,,20.63322121,0.03468816,,,21.28322026,0.121960917,,,20.26641315,0.092441895,,,,,,,,,0.01
 ,19.91,0.06,0.06,, ,19.96,0.05,0.05,, ,20.74,0.06,0.06,, ,19.78,0.33,0.33,, ,18.19,0.19,0.19,, ,17.15,0.17,0.17,,,21.71156873,0.047875579,,,22.33023009,0.191892295,,,21.53769365,0.159822476,,,,,,,,,0.01
 ,19.87,0.04,0.04,, ,19.02,0.07,0.07,, ,18.62,0.11,0.11,, ,17.01,0.19,0.19,, ,16.38,0.29,0.29,, ,15.59,0.32,0.32,,,22.73564335,0.102874815,,,22.28723568,0.160152086,,,21.94796004,0.189639934,,,,,,,21.56616083,0.150798649,0.150798649
 ,17.54,0.01,0.01,, ,16.2,0.01,0.01,, ,15.44,0.01,0.01,, ,13.74,0.01,0.01,, ,12.95,0.01,0.01,, ,12.2,0.01,0.01,,,21.13815522,0.078797571,,,20.67117831,0.080687007,,,20.29948648,0.093595953,,,,,,,19.64027923,0.066561725,0.066561725
 ,17.81,0.02,0.02,, ,16.66,0.01,0.01,, ,16.06,0.01,0.01,, ,14.42,0.01,0.01,, ,13.71,0.01,0.01,, ,12.99,0.03,0.03,,,21.27733472,0.079921013,,,20.88856806,0.088018185,,,20.409731,0.097856179,,,,,,,19.78938687,0.070578357,0.070578357
